-0.94850311,0.04237319,0.24494422,-0.10206142,-0.05959390,-0.10547684,0.11394527,-0.01121289
-0.52126583,0.93969911,0.31330975,-0.01928643,0.13607569,-0.02731327,-0.07581971,0.09262203
0.10373045,-0.92026390,-0.03055724,0.13713972,-0.17406813,-0.30287670,0.07899637,-0.13411316
-0.36900735,-0.89332484,-0.09351951,-0.23864050,-0.29849278,0.00732757,0.17944985,-0.04662642
0.89842156,-0.23254950,0.14344716,-0.06000212,0.10893356,0.20857510,-0.04139129,-0.16270311
0.98336731,-0.21262763,0.21976255,-0.25691616,-0.13232259,-0.16763339,-0.34680297,0.02528691
-0.83716627,-0.42810339,0.27712941,0.16438487,0.12547530,0.08034142,0.19113391,-0.26639597
-0.06630500,1.12233075,-0.35354372,0.06940602,-0.05008427,0.15630454,-0.08781244,-0.00364817
-0.94607905,-0.42408625,0.11971933,-0.02099264,0.09849652,-0.10436750,0.21724031,0.12104040
-0.25050674,0.84599788,0.25195103,0.35823510,-0.31471527,0.17662636,0.09301370,-0.01877216
-0.99551797,-0.11080580,-0.25234760,0.11338909,0.26037360,-0.31993386,-0.06050357,-0.26184336
0.07653259,-1.00569857,0.40471121,-0.35562289,-0.11498980,0.14070902,0.31587453,0.08424213
-0.15102030,-0.89688108,-0.00332384,-0.04074814,-0.14689422,0.07745195,0.06157593,-0.01859683
-0.95668929,0.24417218,-0.09723513,0.24128993,-0.03811165,-0.28793946,0.26688856,0.10605308
-0.35889966,0.94380949,-0.09227692,-0.28952894,0.26476767,0.51390230,-0.16418699,-0.12941753
0.94939578,0.18831781,-0.05411167,-0.06996754,0.03839178,0.21896369,0.00441352,0.18378202
0.64722012,-0.77842293,-0.42764512,-0.28998961,0.15918268,-0.11802988,0.11598298,0.10846885
0.49063925,-0.85743012,0.20339827,-0.02233427,-0.13965704,-0.14631176,-0.09760879,-0.22596582
-0.73515702,-0.57867512,0.05032239,-0.06777816,-0.38473657,-0.01445659,0.04506916,0.21689512
0.34773252,-0.89895654,-0.14475531,0.40211950,0.15132759,0.36628796,0.42588891,-0.16361673
0.34292776,0.84177933,0.11192244,0.10838045,0.04041093,0.03482585,-0.30049999,-0.03308024
-0.52460100,-0.84056998,-0.09350925,0.12370415,0.16381514,0.06173847,0.06323363,0.01858934
-0.24648428,0.91979885,-0.09912921,0.07759743,0.00282268,0.11625824,-0.26572966,0.17755579
0.45819600,-0.97916008,-0.03948860,-0.11267692,0.05822504,-0.11483296,-0.21389551,-0.16916056
-0.90094834,0.65481847,-0.23350606,0.00167548,-0.31118928,0.35791331,-0.30489563,0.09575054
-1.09946717,0.16717393,0.06005530,0.19943441,0.09351506,0.05220325,0.18981934,0.03218091
-0.65930860,0.74075352,0.12636115,-0.18827683,0.15835265,-0.10106031,-0.21813067,0.07304979
-0.89868449,0.46205642,-0.10312997,0.13961193,-0.09084182,-0.02480389,0.01790570,-0.46344364
0.64170183,-0.68739429,-0.13947972,-0.29487808,-0.30331164,-0.18865288,0.16511946,0.33320827
1.03083084,-0.14958543,-0.05279613,-0.38239456,0.02998332,0.08912965,-0.08572331,0.06044485
-0.12199033,0.96826876,-0.29536682,-0.04425083,-0.04221211,-0.07053264,0.19744935,0.34511776
0.32125850,-0.86692375,0.18818622,0.14263128,0.20949726,-0.07784879,0.14796127,0.40489639
0.95042014,-0.25524337,0.12154250,0.25247606,0.07379726,-0.11268014,0.30861612,-0.24995341
-0.90687522,-0.09779306,-0.23873315,0.24388994,0.06957752,-0.23335964,0.12034567,-0.08632009
-0.88241185,-0.64926089,0.05271029,0.12714058,0.03311298,0.00903300,0.09399800,-0.04219522
0.41560653,-0.93620167,0.05878431,0.10815980,-0.21143377,-0.14184538,0.30571582,0.06706174
-0.47531440,-0.90930456,-0.09632445,0.05571326,-0.13317421,0.05520376,-0.31554051,0.26618396
-0.96304435,-0.22576630,-0.04476834,-0.07419924,0.03047968,-0.22905012,0.07949312,0.72471354
0.78254952,-0.59725474,-0.06214377,0.03852166,-0.36236181,-0.23020188,0.09193191,-0.00768360
-0.98309768,-0.40265502,0.03489991,0.58262429,-0.15311229,-0.18076670,-0.00702602,-0.00891254
0.22329958,-0.98540948,-0.15134786,0.04228431,0.52771935,0.25435473,-0.55643382,-0.02840338
0.86991792,-0.48085056,-0.03465270,0.38653915,0.18624711,0.17808058,0.03731421,-0.00805953
-0.47551917,1.00701148,0.10687795,-0.07022651,0.25501693,0.03842207,-0.01552301,-0.15827537
0.54947111,-0.86994187,-0.55847143,0.20336924,0.11329551,-0.04285412,0.20919675,0.08759756
0.35812766,0.95014985,-0.04660318,0.10643783,0.32193737,0.36805898,0.28516765,-0.23232190
-0.93911377,-0.24510438,0.00552317,0.19251065,-0.02517687,0.04395099,-0.29999780,0.08960193
-0.57712302,-0.87030046,0.09188120,-0.02344443,0.06336022,-0.00272141,0.15183990,0.10034859
0.60346508,-0.74457404,0.34874776,-0.02031910,0.19836155,0.07867715,-0.11282250,-0.14979476
-0.37258400,0.90144680,0.12287274,-0.25338669,-0.11893666,-0.01897324,0.32014989,-0.47203571
1.03508572,-0.17874665,0.08627547,-0.09839578,0.07291021,0.31292761,0.07083930,0.08667999
-0.01300563,-1.07229725,0.10860357,-0.04166931,-0.16234273,-0.00770959,-0.04545769,0.15069596
0.94346712,-0.48872047,0.29119432,0.19767755,0.25394589,0.12153347,-0.02193980,-0.08381868
-0.00974464,0.93908112,0.02238066,-0.29656863,-0.00781656,-0.28322084,0.03317317,-0.24076393
-0.96006235,-0.30537683,-0.01564287,-0.33235234,0.14964474,0.43261934,-0.29627515,0.36396994
-0.94076582,0.29783294,-0.03577744,-0.28905544,0.25982544,0.09853873,-0.15029084,-0.05541543
1.01539318,-0.25732484,0.18724263,-0.34305795,-0.08724807,0.02935835,0.20964787,0.26986611
0.32928175,-0.88567852,0.09007993,-0.07265096,-0.06200387,0.21603674,0.33794757,0.05317351
0.50901441,0.84500750,-0.37750317,-0.00364981,-0.21211537,0.47788557,0.14403999,0.02827397
0.91600845,-0.53947319,0.14256090,0.32587379,-0.14576398,0.13668090,0.14450863,-0.30962553
-0.69656310,0.75239731,0.04569602,-0.01263640,0.15759270,-0.30815080,0.01865614,0.21086839
-0.82954614,0.15543190,-0.08364593,-0.41616539,-0.02114959,-0.19437932,0.06385193,-0.23442823
0.99175212,0.35049713,0.07127150,-0.11879599,-0.06458106,0.23835201,0.04305569,-0.07900642
-1.04939793,-0.09722300,0.14656223,-0.06530711,0.04866220,-0.20591551,-0.20296898,-0.16523754
0.82918647,-0.55520124,-0.14906059,0.14755492,0.15693871,0.03458163,0.20767771,-0.05747249
-0.96747953,0.18263349,-0.00680880,0.15877984,-0.25053363,0.28515301,-0.15625430,-0.03293957
0.96707516,0.22298509,0.25477027,0.21420939,0.16667499,-0.31142865,-0.15643361,-0.09251260
0.58742949,-0.89697929,0.03689686,-0.00489556,0.09750715,-0.19032381,-0.18167015,-0.17629240
-0.99400821,0.19394922,0.11561849,0.21567662,-0.27146017,-0.11209888,0.02950762,-0.26974862
0.69856393,0.53819321,0.22052883,0.21534138,0.00860354,-0.04239351,0.21590494,-0.07452920
-0.31364414,-0.92593576,-0.07351416,-0.12211046,-0.00187425,0.11967584,0.09648180,0.03117155
0.41549688,0.99976623,-0.17185320,0.03264522,-0.18573230,-0.26833489,-0.24156397,-0.18363278
-0.83139393,-0.65797677,0.04697977,0.33924483,-0.02952526,0.25493978,0.05768635,-0.22396470
-0.90755224,0.52646635,0.15358708,-0.23061908,0.26451454,0.11563759,-0.40446202,0.15686828
0.02729481,0.94482906,0.19705044,-0.35967635,0.05043132,-0.33227787,0.09647820,-0.35759255
-0.93712000,0.40109588,0.45757795,-0.11913392,0.16603311,0.02214222,-0.06470095,0.12307686
-0.31449993,1.01133564,0.11277939,0.06902709,-0.28486913,0.32294217,0.38987174,-0.19055440
-0.99448088,0.16129776,-0.03264967,0.30068979,0.04548657,0.06463518,0.30353499,0.25764398
-0.88062372,-0.52566302,-0.31447807,0.22522825,-0.18534391,0.02969671,-0.21481440,-0.03673731
-1.04492371,-0.06396653,-0.20378249,-0.02439885,-0.03763990,0.24121956,-0.28397951,-0.00666841
0.98862123,0.34816372,0.09440336,-0.09274931,0.04791720,-0.07492624,0.09362305,-0.02051603
-0.93755800,-0.42484000,0.07275679,0.45317652,-0.09824637,0.06133161,0.29260734,-0.41563374
0.94837992,-0.34652751,-0.02284731,0.48799536,0.07827339,0.24161507,-0.04440787,-0.49274475
0.55239218,-0.75177624,0.03697191,-0.25969983,0.22346414,-0.30779100,0.22684842,0.29026817
-0.87787543,0.46253661,0.16886541,-0.21905772,0.17237729,-0.23904776,0.16151571,0.01877339
0.18374999,-1.04646227,0.04751495,-0.37853213,-0.05519283,-0.07923083,0.13567199,-0.25076407
0.55945748,0.97142240,-0.22763350,0.27721575,0.33258621,-0.03755440,-0.17821457,0.00321059
-0.27861546,-0.95898495,0.31168588,0.07838020,0.02907876,0.06920244,-0.01161796,0.16831357
0.48559429,0.95473579,0.02101768,0.48272154,0.08431983,-0.03717068,0.40993835,0.00188651
0.87185076,0.44973397,-0.17996523,-0.09944450,0.06526508,-0.02535338,-0.15269732,-0.11019132
-0.52701892,-0.79617571,-0.14420004,-0.11444381,0.40767087,-0.11075287,0.29788354,0.26314644
-0.62912098,0.79202858,0.09060283,0.13453503,0.19356090,0.01437885,0.24091150,0.27807172
-1.03749278,-0.08173150,0.03490847,-0.11314881,-0.06372555,0.37551443,0.19680600,-0.35780919
0.90673638,0.31147090,-0.03511745,-0.10263105,-0.29126029,0.17232886,-0.18793795,-0.07400822
0.14590196,0.93854691,0.14864734,0.07675483,-0.13483233,-0.18896214,-0.09388288,0.19340484
0.87806176,0.46998601,-0.06563273,-0.05157608,0.04330875,-0.36868500,0.32241162,-0.15752871
0.90188503,-0.45448507,0.04448675,0.00841671,-0.11666386,-0.31223388,0.03698907,0.23905228
0.77344347,0.65035725,-0.22542843,-0.14680223,0.10117831,0.00001305,0.13817760,-0.14834762
0.79073235,-0.44680940,-0.24074225,-0.21522155,-0.28539312,0.06169224,-0.13277703,-0.39765901
0.91858465,0.44986473,-0.25110187,0.24795765,0.23308677,-0.23026819,-0.29479638,-0.20001335
0.33041549,0.94717703,-0.16173957,-0.00567448,0.24083830,-0.27791007,-0.07676036,-0.27669512
-0.26920493,-1.00403652,0.19023242,-0.02668032,0.13182532,-0.42040270,0.05528535,-0.26723304
-0.61088615,-0.68807410,-0.07004335,0.11484385,0.14013575,0.05253452,-0.18886732,0.13519736
1.00977910,0.31361037,-0.18342613,-0.55264502,-0.09534184,0.43025270,0.09379747,-0.03886583
-0.48593040,0.86441627,0.09226826,-0.10270912,0.01523421,0.04023840,-0.12853235,-0.22374603
0.75104402,0.81961586,0.12946086,0.09879552,0.10086299,0.51680054,0.05197674,0.20840762
-0.51968384,0.74054161,0.05290601,0.20880930,0.33753265,0.06262106,0.07260356,0.01816792
-0.55668527,0.70899991,-0.05049975,-0.34375052,-0.02882734,-0.34540597,-0.20093919,0.00421680
-1.04530121,-0.27444402,-0.29282786,0.05382658,0.11285362,0.29349434,0.18599435,0.04824089
-0.00566067,-1.01047871,0.22949506,-0.12955970,0.10604772,-0.01682540,0.05007971,-0.05047728
0.91677947,0.17520857,0.05276169,0.05737756,0.12384735,0.09235064,0.08720687,0.19869962
-0.47136744,-0.92403380,-0.24433631,0.04891916,-0.23412144,-0.18956355,-0.00964925,0.28176915
0.96988398,-0.48287277,0.28322929,-0.18645215,-0.41580457,-0.08214009,-0.05299196,0.24960753
-0.57670306,0.94002396,0.49818129,0.31561264,0.17045531,0.07636161,0.48797718,0.01887498
-0.47024875,-0.89642319,-0.27106636,0.09719681,-0.01916273,0.06891982,0.07484705,-0.20895818
-0.86736224,0.31100508,0.18047249,-0.31581515,0.07717545,-0.16111283,0.01144892,-0.12734287
-0.24020014,0.83617438,0.01674577,0.12782896,-0.29078724,-0.42196945,-0.17136982,-0.03920785
-1.10822222,-0.22125837,0.17320549,0.19626325,0.15143871,-0.18450891,0.01833761,-0.03564643
0.94399251,0.37910972,0.02067245,-0.09390287,0.28658709,0.15584140,0.17427585,0.24307879
-0.43642647,-0.93862124,-0.07472992,0.20365684,-0.15077660,0.01037299,0.08249360,0.29123299
-0.95896864,-0.20773488,-0.03443125,0.18580139,0.10841482,-0.02959580,0.27427821,0.10162065
-0.11361164,1.00490063,-0.04842808,0.12129237,-0.30236146,-0.00141760,-0.18683819,-0.19220514
0.95748360,0.20920941,-0.02781255,0.04977608,0.22369836,-0.02230066,0.10472613,-0.26982414
0.84891501,-0.41169678,0.10200795,0.03806332,-0.27529214,-0.36856708,-0.20121606,0.14918156
-0.55404874,-0.83468036,-0.40223541,-0.53630610,-0.12325731,-0.06511499,-0.11933183,0.07220487
0.89813594,0.27681038,-0.17490950,0.02962385,0.01547925,-0.01396314,0.45431409,-0.05175602
0.21964834,-0.94041295,-0.07120581,0.10538989,0.11389962,-0.03106776,0.07934755,0.01131647
0.81372929,0.66806868,0.46223431,0.16618332,-0.01135274,-0.34760765,-0.25509539,0.27118210
-0.92573555,0.26589002,0.17371287,0.02864623,0.15095856,-0.02624987,0.47869032,-0.20559920
0.69297867,0.67641994,0.28591613,-0.01117838,0.20980098,-0.10616746,-0.23705489,0.27998412
0.99463736,-0.51535517,-0.08765051,-0.23104145,-0.23387459,-0.04492704,0.11648756,0.10183435
-0.69244713,-0.84946146,0.00354605,0.01802555,-0.00473945,-0.04038405,0.11865503,0.02537191
-0.38610418,-0.95031274,0.07915556,-0.02423040,-0.42303224,0.09672202,-0.05286031,0.18525638
-0.51878959,0.70283452,0.04233799,-0.00237128,-0.08938596,-0.35864011,0.36853766,-0.31575724
-0.54086348,0.94810964,0.07600340,0.11345369,0.15383796,0.25267454,0.05945667,0.58132852
0.98330278,0.41164094,-0.07217058,-0.10902746,0.05745303,0.29164813,-0.14204172,-0.14219114
0.72174127,-0.68555227,0.39155138,0.20557599,0.04591826,-0.06587461,0.04305256,-0.03504340
0.75888903,0.82249149,-0.03502444,-0.04650816,-0.08586175,0.33801388,0.13925324,0.18737255
-0.71473360,-0.56707552,-0.05657673,0.04881436,-0.06906579,-0.03764559,0.19228391,0.05984482
0.24554137,0.93554310,-0.13150800,0.03618768,-0.23345035,-0.03574947,0.13852835,0.00574479
0.80211674,0.55343734,0.02487020,0.09661631,0.16741407,-0.02904229,-0.26344996,0.28499852
0.94348215,0.29130872,0.06110333,-0.20749807,-0.06386091,0.05145171,0.20652562,0.01203637
-0.45992852,0.88967118,0.07053082,0.25877783,0.14226325,0.49804175,0.28486846,0.26953276
0.82381488,0.73029833,0.16941010,0.11989682,-0.10520411,0.11732919,0.08361323,-0.09300392
0.53131606,-0.82691910,0.04609582,-0.08491508,0.10898263,-0.38351757,-0.05638564,-0.33693749
-0.80848117,-0.63823773,0.00432241,-0.02212704,0.01375847,0.31390018,-0.22125039,0.17754663
0.41852876,0.92928490,0.03271949,-0.17033606,0.04102747,0.14573848,-0.23874852,-0.01547437
1.00182736,0.16036057,-0.03741483,-0.15955413,0.26781698,-0.17511254,0.33989444,-0.10668936
-0.92694313,0.18951755,0.09076933,0.16114281,0.18046153,0.28065828,0.34654165,-0.06934274
0.54646920,-0.84440965,-0.07745061,0.15204967,0.07567245,0.02303720,-0.07003930,-0.12799850
0.01705986,1.08430236,-0.35292147,0.14578437,-0.29169170,-0.03165008,-0.12690367,-0.07390600
-0.93914576,-0.49260242,-0.04667478,-0.21760650,0.49105370,-0.08420617,-0.13232389,-0.11109003
0.02481904,0.93887722,-0.05250355,0.06073564,-0.30214773,-0.00030169,-0.24337330,-0.00859145
0.90570863,-0.21471020,0.08552149,-0.14237667,0.17446001,-0.09119925,0.06838871,0.13929405
0.01493398,0.95212364,0.12101813,-0.22513967,-0.17992973,-0.22225234,0.16677757,-0.03440419
0.25336035,0.90055123,0.41237864,0.35819876,-0.11542306,0.01360773,0.09987762,0.17677503
-0.74703291,-0.62790008,0.14895147,0.12102055,-0.26816486,-0.07551922,0.05168499,-0.00270741
-0.18806378,0.91555776,0.10611444,-0.02522881,-0.27208575,0.12084098,0.27791644,0.39278165
0.69419438,-0.80963119,0.28685607,0.28530856,0.06561849,0.14000053,-0.15486867,0.11419974
0.13038645,-1.07250275,-0.02734329,-0.09650402,-0.42513619,-0.16804983,0.06384450,-0.01498797
-0.36083248,-0.92938431,0.13491730,0.16667587,-0.16437729,0.00124681,-0.06994675,-0.17884411
0.92553650,-0.27036690,-0.17787701,0.42738330,-0.02304665,-0.04822638,-0.08286287,0.37178080
-0.90935648,0.39047575,-0.15726922,-0.02827241,-0.01049966,0.21644018,-0.28658907,-0.00752656
0.94046316,0.26484539,-0.03885460,-0.18075552,-0.52702111,-0.02428963,0.23176386,-0.09693361
-0.39378118,0.96465853,0.01242571,0.19670420,0.17871886,-0.05742288,0.07658732,-0.36326152
-0.02909026,1.11954111,0.21365728,0.20915361,-0.06086911,-0.03328682,-0.17835414,-0.41667088
0.36618249,0.75866206,-0.22056136,0.13896129,0.01629396,0.08732344,-0.15732727,-0.35630273
-0.86804613,0.59486770,-0.02536139,-0.08762129,-0.05880382,-0.03078765,-0.10516459,-0.40559261
0.92454799,0.37702879,-0.06996130,-0.06472223,0.04887697,-0.32601460,0.23816182,0.12797004
1.03032562,0.01912021,-0.16245218,-0.62972185,0.06405134,0.26016020,0.23032115,-0.10909626
-0.95885530,-0.11234482,-0.36308905,-0.13488997,-0.12864914,0.31543995,-0.13143716,0.31315014
0.58434875,0.75350916,0.44289497,-0.19488102,0.12334680,0.34111740,-0.10702938,-0.24611509
0.46539073,-0.88255607,-0.24546655,-0.21624033,-0.07793227,0.19280394,-0.05741161,0.13090401
0.73676647,0.63240528,0.28751574,0.24638114,-0.32170541,0.24458870,0.06570811,-0.02487957
0.80645715,0.56141233,-0.22221997,-0.00427280,-0.23501758,-0.16329496,-0.12334172,0.13330773
-0.85082091,-0.50595426,0.26524596,-0.06424859,0.11984845,-0.21145953,0.06582927,0.02390296
0.36064378,-0.92615331,-0.20611968,-0.05990584,-0.09359482,0.20667507,0.18156688,-0.24042424
0.19465016,-1.10743249,0.09178407,-0.09631150,-0.29435350,0.20325350,0.09045908,-0.24513742
0.57736509,-0.72049913,-0.23636872,-0.07278293,0.12405534,0.29381698,-0.07136031,0.27547061
-0.95053357,0.21605335,-0.33340463,0.17071814,0.12208147,0.47098426,0.28635506,0.15687135
-0.00036678,0.92253572,0.03939985,-0.05391056,0.34933783,0.11396278,-0.61088196,0.27525101
0.99686666,0.17192507,-0.09407888,0.05084408,0.12917385,0.04107958,-0.18840007,0.28239581
1.01455156,-0.36727961,0.14413222,-0.10406922,0.38031733,0.04820172,0.07643146,0.07282119
-0.84778060,-0.58587277,0.04702756,0.07413469,0.27291659,0.09401197,-0.21406130,0.10908653
0.88647200,-0.31656270,0.07060257,-0.24045704,0.23614056,-0.14252903,0.11861058,-0.31075133
0.49290357,-0.77878062,0.22031150,0.35662248,0.23768936,-0.22988211,-0.18516433,-0.17052122
-0.51882666,-0.87643076,0.03517667,0.06532264,0.11935997,0.13364107,0.34124657,-0.00799120
0.06332649,-0.92500756,-0.26186907,-0.13592178,-0.23462683,0.04663208,0.21059134,-0.08492662
0.45893306,0.89907544,0.02788039,-0.10740884,0.08678825,0.06151133,0.07007263,0.15388154
0.74999255,-0.57634567,0.35260057,-0.00856993,0.16007108,0.01114047,-0.09143692,-0.09136175
0.57963099,-0.81006015,-0.12096111,-0.08480985,0.24367101,-0.02693560,0.22778908,0.05283533
-0.98542981,0.12250037,0.02906993,0.52668715,0.16498845,0.20011662,0.04601244,0.17077481
-0.82459249,0.35961302,0.08479314,0.16296892,-0.08315140,-0.03873442,-0.07368903,-0.03901100
-1.06724199,0.02443635,-0.01822190,-0.34955714,-0.19788127,-0.13438103,-0.21309096,0.04491857
-0.84256573,-0.41552001,-0.20546366,-0.15207286,0.09858223,0.06852176,-0.09733731,0.06825199
0.47190678,0.87964013,0.31387164,-0.08541630,0.07846674,0.07872264,-0.05253948,-0.23885236
0.96191750,-0.34119459,0.00347933,-0.00200459,-0.00262064,-0.18591391,0.05107347,-0.36820450
-0.67631044,0.90045563,-0.07880922,0.13441932,-0.06073067,-0.10503239,0.09339642,-0.06338742
0.97566489,0.21983371,0.29232199,0.12264181,0.08579544,-0.24855779,0.11312835,-0.26946088
-0.86691914,-0.60308670,0.37912074,-0.34825616,0.23271426,0.14845724,-0.36688384,-0.06006428
0.59170626,0.74717773,-0.34379500,-0.11619018,-0.24696314,-0.21723344,-0.14079265,0.35577514
1.00116387,-0.01279700,-0.07957950,0.12052153,0.12546466,-0.19658025,0.28063990,-0.22936631
0.88420891,-0.43361088,0.32918969,-0.08216046,0.04422463,0.24750011,0.11166316,0.21241755
-0.00350136,-1.10114909,0.11313858,0.17029594,-0.01856980,0.30661277,-0.41019855,-0.19712401
0.85086287,0.37783579,-0.14177185,0.06264613,0.20437183,-0.12470115,0.14066871,-0.03730649
0.56050832,-0.88988889,0.20946532,-0.23670366,-0.08627065,0.11972393,-0.25653063,-0.32888332
0.49686631,1.04574564,-0.04212950,0.01577358,-0.20709808,0.56983503,-0.20947871,-0.09972712
-0.64815527,-0.70734487,0.29256921,-0.00888286,0.10629108,-0.10934665,0.34993887,0.02010793
0.41241086,0.78723247,-0.08658795,0.10872266,0.01516254,0.04002158,0.01464025,-0.19377264
-0.21370540,-0.95404586,-0.03982387,0.04438561,-0.10552221,-0.41739777,-0.26816052,0.26626028
-0.28110548,-0.93544985,-0.30633916,-0.11846474,-0.08749472,-0.05736020,-0.02783941,-0.13945330
-0.59110020,0.90332838,0.05122350,-0.04179516,0.33509065,0.02760754,0.01870961,-0.14476795
0.01555185,1.03857181,-0.33736125,-0.20884900,0.10995171,-0.24279808,0.24481216,-0.01853412
0.60194431,-0.90206098,0.34257152,-0.18615430,-0.27613304,0.08826517,0.24701338,0.18899972
0.88099194,-0.34693926,0.05069958,0.22049674,0.41541713,-0.03586790,0.24553644,-0.08311255
0.48765695,0.90416281,-0.16712693,0.06871689,-0.19367543,0.16308133,-0.12445201,0.00116778
0.98586199,-0.06166079,0.01186368,0.20152085,0.60671710,-0.25169488,0.04570221,-0.04942946
-0.86202316,-0.37191895,-0.19005500,-0.02994852,0.23362903,-0.41850502,0.03521426,0.07503175
-0.47692021,0.89348882,0.05599854,-0.08410121,0.22809251,-0.27578259,0.11430849,-0.06102597
-0.97066854,0.09675528,-0.08417232,0.14944199,-0.31336617,-0.05325656,-0.10546615,0.30022131
0.95856000,0.37613088,-0.36578599,0.05416329,-0.04199180,0.06063299,-0.15565959,-0.40541131
-0.94197580,-0.05245109,0.02683288,-0.18882217,0.16380684,-0.16533988,-0.16425527,-0.25921488
-0.74086368,-0.51650023,-0.20984700,0.04063745,0.17816771,0.40555875,-0.49726709,0.01039764
-1.05585755,-0.15610461,0.06333205,0.02109212,0.12619021,-0.13508377,0.06487618,-0.13979462
1.02272375,0.18723152,-0.09428695,-0.30207331,0.31059269,0.20277282,0.15691920,-0.15195341
-0.05936695,-0.98269418,0.12983465,-0.18936665,-0.00967236,0.00941334,-0.05874887,-0.20742266
-1.19901257,0.08361030,-0.05777232,-0.33281626,-0.13476745,-0.01877815,0.15586383,-0.09149402
0.48522128,0.93337591,-0.16590110,-0.57538829,-0.25157053,-0.31465700,-0.04666528,0.05032857
0.53984759,-0.89937617,-0.24735226,0.45495773,0.04689433,-0.06796567,-0.06761095,-0.28542453
-0.66404293,-0.66443693,0.30315874,0.20599840,0.15943512,0.23759072,-0.07076269,-0.10247879
1.01286412,0.10475633,-0.04179863,-0.07888632,0.12099294,-0.01550219,-0.39407304,-0.00610674
-0.96017801,0.38785533,-0.16353776,-0.00809638,-0.27658487,-0.12102158,0.00019600,-0.27471008
0.10505598,-0.98065914,-0.26395375,-0.00471956,0.20603963,-0.04490802,0.07757780,0.11926682
-0.67397232,-0.87838299,0.06814096,-0.20687793,0.09600576,0.16473527,0.15294135,-0.13661291
-0.78558793,0.72448500,0.03897389,0.22994856,0.25341002,-0.01380392,0.12579700,-0.06423943
0.29125464,-0.98897936,-0.11562966,-0.01063976,-0.01990275,0.07116258,0.08792841,-0.23797399
-0.95347083,0.18015732,0.09160241,0.01272292,0.52253758,0.21986189,-0.01886839,0.14236039
0.52422655,0.81025566,-0.35159248,0.01727067,0.00825634,0.42495307,-0.36887122,0.30822883
0.67336562,0.82604564,-0.05864481,0.03511479,0.22661066,0.01738032,0.21157799,-0.01524640
0.81493094,-0.56475352,-0.09916699,-0.02244657,0.27418560,-0.23210816,-0.33003325,-0.00146753
-0.04677426,0.94824366,0.26727733,0.25301546,-0.14275790,0.02696065,-0.52874065,-0.11831355
-0.84672809,-0.54010988,-0.40812832,-0.25561380,0.04819798,0.23826754,0.52246808,0.29160424
0.04186761,0.99602234,0.03645219,0.21874536,-0.31641088,-0.09688655,-0.08192928,0.01531741
-0.42848829,0.89290611,0.22138138,0.02461495,0.16073171,0.40967005,-0.19303375,-0.19785542
-0.48609924,0.89441879,0.04612833,0.23166420,-0.04824735,0.19691598,-0.11127909,0.14933034
1.04830697,0.07894875,0.29092607,0.22959061,-0.10329050,0.19398948,-0.32244142,0.21568193
1.02588999,0.06822318,0.12093476,0.03255058,0.18682504,-0.06927039,0.15572725,-0.03229188
0.81421210,0.50626350,0.01138776,-0.32341332,0.43934837,0.05230808,-0.31463868,0.24018971
-0.15243275,-0.95185329,0.16633407,-0.15406267,-0.56376147,0.00504407,0.07346262,0.22559720
-0.16265671,1.01359780,0.10493114,-0.03819607,-0.02482039,0.07604840,-0.17414133,0.34186830
-0.90171766,0.36284991,-0.04097934,-0.11672814,0.13184101,0.22697289,0.31586095,0.14102501
-0.72538460,-0.67762145,-0.26451833,0.03406583,0.12861035,0.13677907,-0.20670842,-0.27621963
-0.95968925,-0.07146503,-0.30708930,-0.22586330,0.02437473,0.25734373,0.02044025,0.26074446
0.72958649,-0.56809372,0.21654106,-0.05585481,0.07828432,-0.05880897,-0.10892633,0.14947752
0.16344761,-0.80524111,-0.14083865,-0.00074589,-0.08871457,0.23527717,0.03193290,0.03108308
0.70885742,-0.66293518,-0.20949646,-0.53512997,0.01086619,0.09942042,0.14002114,0.06450955
-0.32495814,0.96718466,0.07061951,-0.04293827,-0.21537566,0.09259230,-0.09009787,-0.08216972
1.01015961,-0.09972904,-0.15727252,0.25732378,-0.19402665,-0.21722021,0.06749638,0.03116336
1.03282580,-0.35321854,0.01351872,-0.10775106,-0.32502969,0.15163821,-0.19820379,-0.04144620
-0.54642294,-0.85966225,0.55248287,-0.27596393,-0.14584094,0.02135660,0.27488811,-0.04626499
0.35597994,-0.93786767,-0.18124111,-0.03668751,0.17915313,-0.13116507,-0.08776014,0.10001711
0.39844629,0.92901700,-0.18718869,-0.02181692,-0.21650190,-0.30978271,0.35274888,0.09235287
0.98455245,-0.17964225,-0.00452862,-0.03995948,-0.28309022,0.11030650,-0.14340336,-0.03960333
0.37175252,1.01967011,0.15271864,0.07934340,-0.18100366,-0.10693229,0.24521583,-0.05451465
0.27757666,-0.94904940,-0.22289973,0.30566333,-0.39596205,0.04560356,-0.01670863,-0.32276369
0.90926010,0.18013486,0.01114400,-0.16473949,0.09080922,0.22375966,0.04505262,0.34561215
0.08394891,-0.97739630,0.27897063,-0.13135169,-0.10330302,0.10408035,0.10486046,0.30287053
-0.98661617,-0.52363384,0.04505070,-0.05356248,-0.07123562,-0.08839967,0.18296258,-0.09180348
-0.81696432,0.55955656,-0.09944909,-0.04238702,-0.43285485,0.07883313,-0.05660885,0.04331028
-0.09072558,0.95504496,0.48751059,0.04031376,0.04595589,-0.34490978,0.13841618,0.09827886
-1.03658043,0.17289669,0.27781607,-0.04397797,-0.15626257,0.29210327,0.08007045,-0.00759985
-0.28596105,1.05587647,-0.00543196,0.08264929,-0.05087420,0.07217714,0.05904588,-0.10225162
-0.65199546,0.73405751,0.10453257,0.14420242,0.18438784,0.07689681,0.13017307,-0.04963753
1.04075067,-0.05215600,-0.36982319,0.09874329,0.65636138,-0.34686374,0.32268740,-0.32964285
-0.65273194,0.65750001,0.31559626,-0.16422446,-0.24387303,-0.27229976,0.15771294,-0.06460059
0.75878346,-0.78286258,0.09376178,0.11828187,0.03550178,-0.31075043,0.30119269,-0.53948607
-0.90260271,0.29427263,-0.03045875,-0.09565206,-0.06531356,0.00408435,-0.04772219,-0.21147724
0.62960757,-0.72414001,0.27635431,-0.02289872,-0.13353154,0.09495736,0.18516013,-0.17725692
-0.24787912,-0.92820054,-0.19223880,-0.16254399,0.04077698,-0.23550678,-0.48546558,-0.32614074
0.61760151,-0.73405461,0.12585552,0.08551624,-0.23918593,0.14289151,0.23783644,-0.13208958
-0.15033198,-1.00820424,0.04561792,0.08115772,-0.28948032,0.30088189,-0.16335349,-0.01236465
-0.78360100,-0.70358214,0.09434969,0.01221473,0.29078639,0.06456844,-0.07177813,-0.56786178
0.71505092,-0.59847338,-0.16604664,-0.16393079,0.12683659,0.21718521,0.38715209,0.23669861
-0.55277851,-0.94815262,-0.26445836,0.15436428,0.07976746,-0.11389618,-0.01284505,-0.04183149
0.48787316,-0.89462682,0.62933095,0.17308261,0.21997453,0.04044798,-0.06149568,0.44754784
-0.49435935,-0.92797617,-0.01529773,0.12670353,-0.00128483,0.12720956,-0.24475806,-0.01164441
-0.92197163,0.23190398,-0.12494123,0.28266047,0.08940828,0.22226134,-0.43905051,0.03751373
-0.22797941,0.95171129,0.09056364,0.24514112,-0.29125227,-0.21353763,-0.10889880,-0.01741979
-0.46352050,0.90181113,0.12541813,-0.06458029,-0.09650369,0.47314428,0.45632898,-0.09092491
0.49521823,-0.80283021,-0.23084372,-0.11122652,0.27738466,-0.13293401,-0.08055162,-0.26444242
-0.06429348,0.96594738,-0.15993196,-0.25714605,-0.12140618,0.36046828,0.03990098,-0.10855968
-0.26050148,0.93351804,0.02801242,-0.35980809,0.06330871,-0.03990056,0.17244337,-0.26937468
0.89567198,-0.15191006,-0.34141578,0.26963333,-0.10202804,0.07677819,-0.03113605,0.22128140
-0.45525328,-0.92747717,0.14470576,-0.32451881,-0.33815211,0.04074932,-0.19176626,0.09407180
-0.49049058,0.79142705,-0.20897920,-0.22871636,-0.17910218,-0.04199362,0.13703461,0.26967871
-0.36345623,-1.06204056,0.31311697,0.18002370,0.04676492,-0.47403950,-0.20373789,0.03149302
-0.87675309,0.32780531,0.01770550,0.05660434,-0.22251757,-0.21138107,-0.13521822,-0.12707209
0.91268813,0.35360747,0.04724722,0.20162115,-0.27388457,0.04181203,0.04769851,0.32005232
0.81955727,-0.57009273,-0.16564582,0.08473945,0.07956012,-0.12769796,-0.08947238,-0.00723150
0.87578682,0.35088515,0.17802775,-0.06788965,0.38311361,0.29451124,-0.08246326,-0.12736450
0.81654252,-0.27948473,0.11411938,-0.08620490,-0.02685190,0.16223297,0.12392692,-0.16788278
-0.83008979,0.50341670,-0.19275858,0.20066728,-0.03592775,0.15783481,-0.11237523,0.07276346
-0.96645658,-0.26302563,-0.30753315,0.03261173,-0.51264087,-0.01334322,0.14561941,0.09757636
-0.94025805,0.07142448,0.31631311,0.32388995,-0.24289033,-0.16106759,-0.11583809,-0.00514082
-0.96862962,0.23017947,0.11926153,-0.05207584,-0.20619580,0.19110541,-0.07025995,0.22867832
0.47915579,-0.69985756,0.23584660,0.16186084,-0.10279864,-0.32615435,-0.11119128,0.12356509
-0.55743365,0.87029499,0.05166732,0.03830614,0.08040749,-0.17909666,-0.02568468,-0.13439022
1.13006183,-0.09319618,0.14770562,-0.09059167,-0.02571130,-0.29911834,-0.11975040,0.15684206
-0.88970486,-0.49782843,0.30742295,-0.01328058,-0.07170672,0.22969567,-0.35094192,0.11002323
0.53439434,-0.92863926,-0.13904530,0.02489426,0.02050766,0.06004271,0.04091402,0.28149343
0.45698373,0.87690677,0.15149256,-0.07673554,-0.22270622,0.11816594,0.00619703,0.17188434
0.37813754,0.88879639,-0.25711603,0.00624441,0.19894694,-0.27966100,-0.11225892,-0.40781836
-0.37897077,0.97318540,0.02031437,0.05864022,-0.06453334,0.25407536,0.27932445,-0.00188097
0.69684660,-0.71464435,-0.09164826,0.26290217,0.04759913,-0.06713606,-0.04602356,0.10980440
-0.83300933,0.60049389,-0.00731499,0.27294049,0.23359683,-0.28540457,-0.03221950,0.14347626
0.30529708,-0.87805123,0.06783309,0.11970761,-0.01235664,0.06160709,0.10585929,-0.29578320
-0.49128865,-0.92187209,0.33930664,0.06142934,0.07550978,0.03542673,-0.10380789,-0.14944981
0.44028934,0.91640404,0.31864350,0.04014682,0.01924294,-0.04329514,-0.01403252,0.00777572
-0.88323582,0.02511383,-0.23105009,0.05243644,0.14355534,-0.18040980,-0.12605964,-0.09070031
0.66544912,0.69964080,-0.00791564,-0.01725912,0.01795542,0.05163314,0.46646946,0.03805272
-1.06922611,-0.02695812,0.07265186,-0.06125341,-0.02807223,-0.17940578,-0.16185414,0.09365921
0.49023072,0.88389807,-0.13249309,0.06588613,-0.50648316,0.19185230,-0.00499760,0.05712643
-0.50119171,-0.89137736,0.19558292,-0.08493820,0.11267247,-0.07814157,0.06469670,0.29501478
-1.01801574,0.28417873,-0.06138601,0.06474434,0.55611755,-0.11135224,-0.40468499,-0.12617481
-0.81101657,-0.54026493,0.00882360,-0.18684983,-0.13108452,-0.36913475,0.04202209,-0.14434244
-0.89216817,0.29471196,-0.16822958,-0.06801240,0.01717441,0.15845208,-0.32885423,-0.00769729
-0.92819646,-0.43472612,0.05154498,0.00747659,-0.23165996,0.19811968,0.06157179,0.04057646
-0.99573720,0.55298019,-0.37181303,0.10491871,-0.10855073,0.04053631,-0.13455735,-0.16490876
-0.31514710,0.91845471,-0.04735076,-0.04825058,0.02587643,0.00660539,-0.46434745,-0.16444907
1.08263665,-0.30577769,0.28410905,-0.17583720,0.40007879,0.03111429,0.11059947,-0.09410043
-0.96496119,-0.18471867,-0.02991534,-0.00631613,0.24674155,0.36019573,-0.28534792,-0.02234997
0.53202937,0.74102620,0.51051582,0.00647593,0.09171774,0.19074521,0.24832565,-0.04608565
-0.54985885,0.77666222,-0.51757836,-0.25764901,0.06237235,0.17657916,-0.43293949,-0.34182256
0.12944647,-0.94666891,0.13330045,0.22898479,-0.57543809,0.17647477,-0.01554991,0.30773769
-0.99604831,-0.30101122,0.04870874,0.21331803,0.06349778,0.03380823,-0.26332629,0.12313578
-1.02640489,0.12482731,0.02455922,0.00998780,-0.09796926,0.17285306,-0.01292324,-0.11314264
-0.87755208,-0.43042232,-0.06225311,-0.17666175,0.25515211,-0.13848633,0.59560140,0.00205141
-0.17715015,-0.95296915,0.02263363,0.24921087,0.11815855,-0.07784928,0.52258964,0.17856194
1.07014302,-0.13455967,-0.02379436,0.30181260,-0.12446395,0.03711797,-0.13414500,0.28265866
0.59950282,0.75181491,0.14473165,-0.08584811,0.17157559,0.21969714,-0.19962416,0.17225884
0.89832696,-0.36906945,0.15954986,-0.23740630,0.12360728,-0.08729563,0.18549619,0.02086278
-0.98191600,0.22709404,-0.01237242,-0.17331263,0.04446975,-0.16351497,0.11083677,0.01837715
-0.69515374,-0.59907475,-0.22636925,0.22713583,-0.37311883,0.35532700,0.06787821,-0.02203102
-0.90703874,0.45601870,-0.00100279,-0.00470579,0.23958349,-0.05642439,-0.01644825,0.11798488
-1.03634591,0.24340501,0.06348886,0.04056896,0.18135151,0.33242595,-0.15756113,0.00427981
-0.78131416,0.63310383,0.33459415,0.02780446,0.07424842,0.26006508,-0.22046207,-0.12455748
0.07901690,-0.97989112,0.07751817,-0.07405298,0.38557232,-0.11220332,-0.01026661,0.25058291
-1.02516060,0.08947986,0.10655052,0.19606270,0.02763877,0.16150025,-0.15586632,0.04409277
0.11540680,-0.91138860,-0.20246510,0.28227453,-0.06532784,0.08885830,-0.15932157,-0.01316284
0.86619667,0.64995074,0.20134891,-0.31032639,0.15389559,0.56619600,-0.14041549,0.03205424
1.13344051,0.17770634,-0.32825323,0.15120427,-0.07698565,-0.35280161,-0.24130244,-0.30149366
0.07234632,0.95663573,-0.06163076,-0.22099729,-0.15216883,0.04104978,-0.47905940,0.13499604
0.12743946,0.86931369,0.25456258,-0.32021798,-0.03153165,0.25199693,-0.32245838,-0.36603540
-0.05825899,0.97194437,-0.01888058,-0.09818325,-0.09266910,-0.08996001,-0.02900046,-0.16647296
-0.88788975,0.35820705,-0.19985513,0.38021042,-0.25164030,0.15822889,-0.14403656,0.08207664
-0.43844122,-0.76676782,0.29952930,-0.16220401,0.59380340,0.09330587,-0.15493709,-0.26579894
0.84140644,-0.54754915,0.00936639,0.16887499,0.28256923,0.03421445,-0.07222849,0.00740151
1.00895910,-0.07127490,-0.23624934,0.16946402,-0.33763313,-0.13807932,0.26856182,0.06403627
-0.59272202,-0.73069170,0.22641159,0.00497842,-0.38346881,0.06537784,-0.61166220,-0.40425067
0.85130740,-0.59111542,-0.08000979,-0.00052840,0.03225316,0.21961712,-0.14341636,-0.16560447
-1.00263149,-0.10049881,0.06834684,-0.06627333,0.16976079,-0.19485875,-0.00136645,-0.12731697
0.01283169,-0.94697011,-0.05106699,-0.19158912,0.02245106,-0.19067896,0.13621592,0.18811698
0.77869999,-0.65987173,-0.01557954,0.39160501,-0.02935858,0.27324157,0.32675367,-0.26767436
-0.32200327,-0.83266016,0.19423110,0.36060067,0.10914833,0.03118720,0.14011346,-0.05532659
-0.83927084,0.51929315,0.36877423,-0.09348298,0.12558749,0.07888505,0.03636329,0.03783263
0.40122074,-0.84366727,-0.09682203,0.25900691,-0.19420670,-0.20097332,0.44716315,0.26149636
0.13637223,-1.02702357,0.06950693,0.17014786,0.12925492,-0.00366980,-0.28485409,-0.13593174
0.96820173,-0.15727275,-0.06899621,-0.02440985,0.07015016,0.01529536,0.11931514,-0.11596068
0.39556894,-0.87150591,-0.13483265,-0.08679836,-0.15234267,-0.10217578,0.01340768,0.16146792
-0.88135967,-0.49624414,-0.12879542,0.25275947,-0.24270656,0.02813814,0.15271110,-0.26916834
0.18458986,1.03987116,-0.15553769,-0.03754794,0.20744229,0.05592607,-0.07820380,-0.03653298
1.02559220,0.08639589,0.16648783,0.15326482,0.32195145,-0.30793432,-0.28616645,-0.45558023
0.13696441,1.03862837,-0.00517635,0.15592916,-0.27883848,-0.13039598,-0.05018207,0.15006092
-0.26812413,-0.89995310,0.14295899,0.03095342,0.03388755,0.25370510,0.04644248,-0.00282057
0.57499041,0.84333239,-0.05672509,0.13298003,0.02152517,0.22848104,-0.15789418,0.01623055
-0.34496325,-1.05240827,0.22857663,0.08021646,0.18283149,0.39499153,0.17032927,-0.21152840
-0.09454563,1.02025354,-0.07478753,0.05923555,-0.03399789,0.26317292,0.24148020,-0.22539355
0.44180196,0.74977191,-0.26194812,0.13052552,-0.02815139,0.08944688,0.49714023,0.26686321
0.69245761,-0.80989168,-0.23643599,0.25070407,-0.06027936,0.00941644,-0.07495056,0.02046604
0.66109241,0.66359412,-0.05621961,0.04083398,0.05727657,-0.24041557,-0.35566288,-0.11699955
0.63531856,-0.86842918,-0.20191111,-0.19003775,-0.08126641,-0.02669214,-0.32953777,-0.11332718
-0.80988259,-0.61248114,-0.27631867,-0.07589636,-0.00857186,0.14892720,-0.33027385,0.13170298
-0.08812981,1.00963054,0.13094116,-0.17976945,-0.16708449,-0.02871066,0.13885955,-0.11503350
0.08806417,1.07639208,0.06980394,0.22460201,-0.10849637,-0.07228914,-0.04347872,-0.03478101
-0.85549315,-0.51715495,0.03453060,0.01203586,-0.00417030,-0.20922124,-0.11823406,-0.15089486
-0.07964586,1.04396093,0.05943863,0.30891295,-0.06702737,-0.06606627,-0.26660733,0.03753988
-0.75578767,-0.52585706,0.08891843,-0.05603351,-0.23104761,-0.01654346,-0.02196398,-0.00187885
-0.70632713,-0.64040811,-0.06012679,0.33712086,0.20635689,-0.02450763,-0.19161896,-0.09444107
0.99176348,0.17228807,0.47191636,-0.05343409,0.02592067,-0.07450546,0.01236595,-0.07913562
-0.07557896,1.08980619,0.02292270,0.25224005,-0.10157290,0.05042820,0.12875456,-0.37259688
-0.11721878,-0.97295261,0.01951370,-0.36323733,-0.14588496,-0.20748933,-0.09486032,0.30625863
0.60738018,0.70915168,-0.04813812,-0.14320320,0.31172352,0.18962887,0.27522676,0.38725028
0.00887798,-1.04312237,-0.33561097,-0.15848144,0.09220824,0.04565429,0.14799922,-0.08818190
0.19700628,-0.92048385,0.12288121,0.17310271,0.10830499,0.19198864,0.05114458,-0.09063128
0.37992700,-0.81202871,-0.29257348,0.05578872,0.01484768,0.05073034,-0.09885820,0.10492129
0.65154060,-0.57479638,0.07326969,0.16361517,0.15620548,-0.17328951,-0.19394383,0.01288182
-0.69032541,0.81128517,-0.15427845,-0.15210628,0.13229857,-0.08910362,-0.46059856,-0.02671854
0.88826657,-0.28543549,-0.31966399,-0.18013183,-0.03483124,-0.01863463,-0.22442371,-0.14683030
1.00056039,0.27905172,-0.03693169,-0.25483786,0.11832847,-0.14695625,0.06734530,-0.19080056
0.94258557,0.39969090,0.00001798,0.08834132,0.07536968,0.02129346,0.02080765,-0.26244222
-0.77872234,-0.50628243,-0.45402238,-0.07320156,-0.05565550,0.28345023,0.11982725,0.20741249
0.97666398,0.38691849,0.21912999,0.09406787,0.06006659,0.01108222,-0.19049852,-0.18495415
-0.85063351,-0.04009175,-0.06101824,-0.14045341,0.06326953,-0.11991038,0.19991786,0.37075602
-0.37922018,0.93763722,-0.30073983,0.39218370,0.08404574,-0.23707827,0.20732579,-0.33402916
-0.39959307,-0.86213782,-0.07567149,-0.22966086,0.46915603,-0.08295369,0.07163807,0.00283493
-0.92009841,0.43789917,0.03751538,0.18050865,-0.07208915,0.06895019,-0.07062207,0.11300916
-0.45397338,0.86644810,-0.12649223,-0.11805062,-0.56682250,-0.21388011,0.11867236,0.45554630
-0.53113245,-0.87263777,0.09485314,0.05453717,-0.11897332,-0.03562257,-0.07822868,0.12086100
1.04703267,-0.16327060,0.18058498,0.13099787,0.02974954,0.18489314,-0.19685604,0.42755874
0.08848237,0.96953110,-0.15898375,0.20427696,0.07911026,-0.03751934,-0.13340995,-0.17550947
0.83174971,0.35966070,0.02270224,0.03871107,-0.14475500,-0.36563398,-0.35669211,-0.12117644
0.48243509,0.74838380,0.15873210,0.10273601,0.03199465,-0.35069562,-0.04293751,-0.00609032
0.92090592,-0.54624730,0.38204294,0.12374218,-0.07688828,0.31871551,0.22166751,0.08931077
-0.11339517,-0.95056858,0.29202299,0.01383789,-0.04618293,0.11617697,-0.56308129,0.01744404
0.96365189,0.04370922,-0.03695643,0.06728868,0.02078251,0.01338458,-0.02660558,0.09075074
0.23882000,0.95342394,-0.33662609,0.04060911,0.09030244,-0.25426107,-0.08609316,0.26468738
0.12884067,-0.95866477,-0.59621475,0.06802089,0.02036081,0.12196771,0.40982952,-0.00081561
0.60220343,0.71716818,-0.01234438,-0.00581289,0.15099574,0.11076790,-0.15279831,-0.09510092
-0.85299147,0.04485515,0.14944497,0.32480973,0.13071460,0.05062714,0.27293777,0.07070828
0.44306667,0.98050470,0.22963435,0.13903120,0.30890009,-0.06717235,-0.06259337,-0.08719597
-0.18598455,0.91843842,0.18513803,0.06773931,-0.19635900,-0.59299085,-0.36528402,0.28757959
-0.87005853,0.28090380,-0.08517660,0.07857874,-0.38445664,-0.40044704,-0.32762888,0.01293559
-0.93179002,0.09775973,-0.02580653,-0.25677482,0.15866386,-0.05703666,-0.00471860,-0.01549747
0.63606603,-0.80974836,-0.11901483,-0.25919478,0.04886162,-0.03557316,0.20266928,-0.36320511
-0.89673824,0.07212139,-0.03340656,-0.16202105,-0.16433518,-0.29970060,0.17885445,-0.04369145
0.97695626,-0.29665381,-0.10078863,-0.04846931,-0.06985578,0.20458498,0.02552329,0.03299681
-1.00361432,-0.15680697,0.40819559,-0.18616513,0.25031069,0.28045120,-0.22880687,0.17219937
-0.99927030,0.20172701,-0.24049930,0.04858908,-0.19608823,-0.06636051,0.28395911,-0.02698878
-0.25652518,0.95064970,-0.22800827,0.20314505,-0.13956628,-0.31142782,0.22333230,0.05010695
-0.71697648,0.62796625,0.28551264,-0.02456486,-0.39475630,-0.22759040,-0.16850534,-0.03221924
0.85561997,-0.13204480,-0.12017480,0.44085756,0.01652762,-0.10575629,0.00659149,-0.25042213
-0.93751576,-0.21378863,-0.11647998,0.20028008,-0.05814336,0.05764086,-0.14831783,-0.16016269
0.41768216,0.86577232,-0.05683148,-0.05070344,-0.22578075,-0.23360665,-0.12644883,0.09390645
0.73843283,0.81677563,0.05873830,0.35153335,0.02115697,0.40436423,0.08669559,0.26624672
-0.60738621,-0.74526824,-0.23692616,0.04861250,-0.06699937,-0.39935095,-0.27300117,0.22627040
-0.96207271,-0.31905905,0.03892523,-0.58076196,0.04975163,-0.11421804,-0.10111581,-0.09037474
-0.97631441,-0.02564190,0.24779861,0.08867816,-0.13138272,-0.08516110,0.19400298,0.07537302
-0.63763652,-0.59304718,-0.08787053,-0.22810772,-0.38447980,0.17763811,-0.06689321,-0.08377936
0.90954929,0.45759986,0.41705305,0.11545874,0.18435726,-0.25064616,0.03360008,0.04210286
0.91288995,0.35600504,-0.19040663,-0.01494385,-0.08863824,0.28745168,0.13121583,0.06643306
-0.17442974,0.86286465,-0.10010102,-0.18565235,-0.37831601,0.23520690,0.09900371,0.12616559
-0.17734194,1.01475852,-0.19881231,0.23815768,-0.17142317,-0.09324049,-0.24628604,0.01502229
-0.24141778,-1.03797584,-0.12057103,-0.28211157,0.10982190,0.25371793,0.14338193,-0.01481319
0.72341743,-0.72769214,-0.07113987,0.22779170,0.08758009,-0.17529238,0.16672935,-0.03106662
-0.84724804,-0.43853263,-0.11000239,0.06035636,0.05589665,0.10605183,-0.00680802,-0.04429283
0.23381934,-0.94400176,-0.30744001,-0.06884029,-0.04525773,0.02702350,0.19773956,-0.26991624
0.27978491,-0.92027892,-0.15503225,-0.10867512,-0.05844877,-0.12663681,-0.10701826,-0.07252893
-0.84831267,0.63960297,-0.28388422,-0.09159223,0.10090011,0.19572376,0.56433059,0.01718416
-0.90590522,-0.45266814,0.13144675,0.02341528,-0.21538145,-0.02428098,-0.01244165,-0.28464586
0.36206986,-0.96409025,-0.44785413,0.02948944,-0.05593001,0.27207905,0.11740781,-0.17602323
0.96672204,-0.30602036,0.39202329,0.32550237,-0.01973504,0.15005030,0.03287177,-0.18309704
0.26519938,-0.78170841,0.16578349,0.20960822,0.27816710,0.20324877,-0.02008229,0.01517598
-0.84644638,0.49880633,-0.04862240,0.36782566,0.09566664,0.37476055,-0.15395333,-0.00938463
0.86483525,0.56611272,-0.05837005,-0.02534805,-0.08712614,0.35658523,0.13321975,-0.14829492
0.01021923,1.02415223,0.10727662,-0.12139322,0.18262372,-0.28421993,-0.09403712,0.34160964
-0.90537072,-0.17543884,0.19527785,-0.02905540,-0.15501401,-0.17657167,-0.41241737,-0.26289520
0.21473285,0.91918281,-0.00282745,-0.02993319,0.05610002,-0.32907545,-0.06131132,-0.06737761
-0.08774657,-1.03434253,-0.43441130,0.12460886,0.16090740,0.46898868,0.14424223,0.32492273
-0.13146398,1.04916891,0.09789062,-0.23134323,0.04780441,-0.02185533,-0.20913407,0.24175154
-0.93712386,0.37440583,0.16147296,0.32609795,-0.02626969,-0.26766373,-0.18844333,0.13836203
-0.74592528,0.59104959,0.26221952,0.04310701,0.32037021,0.22458916,-0.08519707,0.02003769
0.99775760,-0.13054428,-0.05758958,0.10078588,0.27311133,-0.17481058,0.14112553,0.01008338
-0.92057285,0.53289446,-0.06726138,0.27668428,-0.06235397,-0.17895902,0.15638976,-0.28482851
-0.44009844,-0.90704328,0.00542136,-0.04825435,-0.38682425,-0.25992276,0.10715804,0.11273508
1.04480800,-0.28922547,0.04683287,0.20797579,-0.13956575,0.29591344,-0.05398823,0.29333947
-0.05911053,-1.03862194,-0.05505421,0.06360267,0.20888427,-0.26854796,-0.09250589,0.13069871
-0.22588096,-0.97941225,-0.17179109,0.09226338,-0.19695916,0.05305134,0.18905031,0.00987946
0.44385359,-0.81618485,0.23581642,0.28885651,0.17775514,-0.32830340,0.28873535,0.07543041
-0.82625101,0.53312160,-0.04169162,-0.04015252,0.32472265,0.06149931,-0.03352429,-0.24812811
0.07375632,0.95956755,0.03807148,0.20364434,0.15115935,0.00775272,0.05010385,0.02504888
0.16766775,1.05849601,0.03512161,-0.16353511,0.17529025,0.18653378,-0.20628340,0.08423263
0.83282485,0.62563547,-0.00243856,0.19572138,-0.13951374,-0.13467090,0.20919012,-0.21390793
0.84013281,0.44102700,0.12933896,0.13025075,-0.10019188,-0.05667264,0.02266003,-0.07275188
0.60569208,-0.68570022,0.14669123,-0.03917306,0.57545445,0.12890814,-0.14532709,0.00485860
0.89249897,-0.47907092,0.09341495,0.09475583,-0.02311019,0.13401746,0.44031787,-0.08343247
0.50380578,-0.97343441,0.25278542,0.16734952,0.24691150,-0.00546644,-0.04161991,0.13475731
0.18591916,1.01489108,0.31498478,-0.35949942,0.15925126,-0.12923887,-0.41595315,0.08209793
0.99145638,0.25301017,-0.25234448,-0.19892781,-0.03949099,-0.29496150,-0.01877237,0.02529925
-0.06642151,-1.00033245,-0.01130466,-0.22946859,-0.20394597,0.02871830,0.19419578,0.03164305
-0.99373631,-0.29084476,-0.35920829,-0.19706043,-0.07417435,-0.01172260,-0.06396371,-0.05324878
-0.90618645,-0.52345046,0.04994320,-0.36683773,-0.23927081,-0.06928488,0.29552873,0.13485855
-0.79086126,0.55987497,-0.08942906,-0.01390484,-0.23422153,0.23423486,0.14534549,0.11798539
-0.85042627,-0.59507178,0.04168905,0.05509729,0.24158694,-0.15695333,-0.20819148,0.00087266
-0.05197528,-1.00449800,-0.04059681,0.16652537,0.02267189,-0.37823204,-0.20015737,-0.41627717
-1.06588794,0.08900484,0.08817320,0.42156503,-0.11811785,0.00231134,-0.07521303,-0.55938511
-0.84410264,0.36670546,0.05562849,-0.16604212,-0.25615686,0.11836715,-0.01191521,-0.17714134
-0.91464071,0.39568701,0.16431714,0.28442735,-0.25913816,0.23350786,0.01218298,0.07325065
0.92458307,0.22414723,0.17251861,-0.25863447,-0.09141382,-0.16781452,0.33747290,0.32827654
-0.72136377,0.81107204,-0.10387710,0.34867966,0.28030640,0.18140320,-0.01980481,-0.06680574
-0.80726152,0.71185147,-0.18494443,0.02672006,0.32865153,0.17972318,0.35054403,0.08698237
-0.06108276,0.91873921,0.13509924,0.07392873,-0.09539031,-0.28828180,0.30245951,-0.07596379
-0.33730426,-0.93443745,-0.16856133,-0.26038860,-0.10504464,-0.00416498,0.06240778,0.11009664
0.29461548,-0.88975607,0.08147123,-0.01298066,-0.11751149,0.08910359,0.07946394,0.37657334
-0.74585777,0.52540372,0.12786314,-0.03983982,0.32209366,-0.32761189,-0.12114489,-0.12065499
-0.08957515,-0.97129324,-0.30442226,-0.35847900,0.04609961,0.29986191,0.29744649,-0.06879757
-0.97145308,-0.08215208,-0.27528141,0.25255476,0.14403918,-0.05545571,-0.06321426,0.19175131
-0.38256766,0.95657641,0.06645984,0.00893831,-0.06956766,-0.13055454,0.19350442,-0.08208887
0.94429400,0.21213572,0.25718034,0.11449225,-0.00162608,0.04996618,-0.27455252,0.00741942
-0.39778377,0.91045883,0.09650160,-0.14033135,0.04612607,-0.29872040,0.00472353,-0.11135863
0.74892799,-0.66374925,0.01292711,-0.10846509,0.19083851,-0.12883357,0.19220359,0.15121838
0.54986625,-0.95407244,-0.25989180,0.11221246,0.02025150,0.15719029,-0.30061092,-0.22712329
0.97453135,-0.37055299,0.02196208,0.00859853,-0.04629684,-0.13415728,-0.26445714,-0.08027202
0.22950115,-0.91657804,-0.09591481,0.21334644,-0.26237111,0.15507769,-0.21023788,0.05046828
-0.57507004,-0.68291212,-0.10442429,0.28059063,-0.12811038,0.12407224,0.03268976,0.06146779
0.96643602,0.34668164,-0.23278053,0.01094957,0.07068735,-0.11166071,0.07219497,-0.19717979
0.88840785,0.46667801,-0.05218767,0.15737597,0.21382228,-0.10848247,-0.12224223,0.19589102
0.50044702,-0.77986533,0.25520821,-0.20601305,0.23535882,0.07329230,0.09196468,-0.45078256
0.60403789,0.76650994,-0.07801609,-0.07379322,-0.05392772,-0.55871385,-0.03721259,-0.13380201
0.67055584,0.68638863,0.00095982,0.05695680,0.34887067,-0.15971816,0.33186507,-0.04606948
0.87007332,-0.50271461,0.17020397,-0.29569648,0.17943631,0.06872258,-0.11037445,-0.12965511
-0.90015731,0.52427345,0.14597943,0.00036926,-0.09981347,0.10577355,-0.23398016,0.16616262
0.80038011,0.53313130,-0.19888414,-0.06334439,-0.35613634,0.27317563,0.18986367,-0.21437418
0.15345365,1.05080938,0.07924187,-0.19913007,-0.42336691,-0.32199575,0.23427436,0.06230489
0.06516883,1.06737072,-0.07141254,-0.13142575,-0.10273285,-0.09149824,0.32942106,-0.18642480
-1.00692145,0.04265349,0.29703611,-0.19357959,0.40808295,0.21786518,-0.29323929,0.35718794
0.88099203,0.46993498,-0.22754495,-0.35202239,0.16867240,0.08379835,-0.01610279,0.03818565
-1.04980721,-0.05328553,-0.21149749,0.11588025,0.00464512,-0.04808633,-0.11235472,-0.05539635
-0.37740376,0.82831414,-0.19498239,0.25492063,-0.18856408,-0.08907553,0.00338451,0.15795206
0.86251987,0.46266978,0.42867880,-0.00301932,0.06432020,0.54229487,-0.17626506,0.19136107
-0.89181257,0.33212577,-0.12332598,0.16563884,-0.28754166,-0.03654007,0.18535153,-0.04690300
-0.79675969,-0.50083234,-0.12370275,-0.12185987,-0.06957841,0.12551775,0.01527545,0.39130962
-0.34791087,0.95760147,0.44609836,-0.02167891,-0.16010174,0.03045170,-0.21625811,0.10253085
-0.48891203,0.87968821,-0.08112320,-0.02864889,0.09597953,0.23426891,-0.07929359,-0.08236065
-0.49089630,0.88165775,0.06863689,0.09621877,-0.15321090,-0.02900796,0.21126733,-0.03070674
0.96709900,-0.32140867,0.07794409,0.50529543,-0.15987757,0.02874573,0.40127044,0.00777810
0.67683273,-0.77593394,0.19440906,0.17419359,0.16411849,-0.03469699,0.07475938,-0.01203692
-0.50968672,0.98718594,0.15755029,-0.26391293,-0.06380112,-0.56425707,-0.02792903,0.15460732
-0.03383353,-0.97857948,-0.19568543,-0.06573533,-0.18220333,-0.09841508,-0.09187662,-0.29141642
0.54740886,-0.80901932,-0.05074472,0.18239537,-0.25113223,-0.02187072,0.10778272,-0.03308160
-0.40554834,-0.81630860,0.00669659,0.16642940,0.24052534,-0.26116769,-0.40786187,-0.03747457
-0.31290259,-0.93587782,0.21274487,-0.13147507,0.41029194,0.05175304,-0.35068579,0.19142588
0.86966359,0.50658556,-0.31579629,-0.05975950,0.03223701,-0.03003381,0.13717542,0.25040170
0.37204563,-0.97010964,-0.02872545,0.34238754,0.05262163,0.17062047,-0.04763512,-0.27654525
0.91873074,0.34451885,-0.13392931,-0.00062255,0.17840507,-0.30324658,-0.34967628,0.05238375
0.99596873,-0.07477963,-0.10365313,-0.31587025,-0.01642554,-0.14700514,0.08649625,0.18899225
0.27842685,0.98448692,0.03744533,0.13979150,0.30546810,0.13192204,0.14185156,0.15859939
0.19155111,1.03321518,0.06928474,0.24695565,0.25791679,0.45238950,-0.21644464,-0.00756003
-0.91963932,0.20620683,-0.32627260,0.23268369,0.15077611,-0.21299603,0.06736051,0.14738210
-0.76937026,0.64524523,0.02576386,-0.01761245,0.12508052,0.06112672,-0.09445493,-0.24193919
0.73984847,0.71503907,-0.05309681,0.15958805,-0.01046638,0.22601807,-0.22245380,0.15215557
0.51912894,0.82384063,-0.20672478,0.02401605,-0.13370274,-0.27379162,0.23941609,-0.19075655
1.02539093,-0.18678852,-0.09387654,0.07265171,0.12364428,-0.01962102,0.20747785,-0.11723020
0.28896409,0.99558344,-0.19199236,0.07554348,-0.01973615,-0.09264616,0.11566620,0.10701960
0.93998109,0.22148288,0.02810216,0.09768697,-0.10820580,-0.22813095,0.02503172,0.13584454
-0.42101755,1.00523325,-0.11671533,-0.51520715,-0.11875779,0.16377467,-0.21169830,0.02758173
-1.10754624,0.19069527,0.12939164,0.25959684,0.01485638,0.20943896,0.07969352,-0.09450515
0.84276960,0.42617756,0.03359803,0.48758962,0.17298709,-0.16416165,0.05859090,-0.11044298
-0.42442744,-0.88791762,0.04326263,-0.30972094,0.07343069,0.07418390,0.16834845,0.44396392
-1.04369932,0.19965691,-0.19938459,-0.11355727,0.17514600,-0.06753039,-0.11722758,-0.22566174
0.51470228,-0.89343627,-0.02136924,-0.28634048,-0.01588052,0.11240441,0.06876936,-0.24946604
0.06492945,1.06543833,0.05903596,-0.24554352,-0.29444785,0.00737009,-0.20575565,-0.26750679
1.01099681,0.35471332,0.12772681,0.26101703,0.17963963,-0.23162146,0.22846252,0.02350677
-0.84880242,-0.30985477,0.08795069,0.31406405,0.01098482,-0.07648077,-0.14144816,-0.02738399
1.03933581,-0.04531471,-0.02445424,-0.10705142,-0.44629662,-0.42956838,0.14066612,-0.19176923
0.85968481,0.19415306,0.07161136,-0.28916756,-0.12780591,-0.04427037,0.11580658,0.33615130
-0.04160318,-0.91080854,0.00114153,-0.03370050,-0.12741435,0.11751163,0.31554732,-0.09133044
-0.89325229,0.33290356,-0.21249079,0.35480714,0.33748936,0.05923997,0.34197585,0.05032506
-0.25383950,-1.00956311,-0.17241633,0.05255400,-0.03343020,-0.09871651,-0.23058974,-0.15604142
-0.57441662,0.69252337,-0.39203221,0.01552811,-0.12228700,-0.24995282,0.14526150,-0.15955219
0.53196859,-0.86099835,0.06677145,-0.02595116,0.13016841,0.18802031,-0.08986101,-0.00170498
-0.88884961,-0.32624570,0.36221595,-0.07865260,-0.11150735,-0.33756997,-0.16962870,-0.34853231
-0.47659463,1.03018784,-0.01219287,-0.12062067,-0.20544268,-0.13752933,-0.29101413,-0.25405701
-0.47148640,0.83218565,-0.18332563,0.13427765,0.30007866,-0.12761474,-0.02166769,-0.25131337
-0.59025256,-0.79627687,0.68521055,-0.14807857,-0.32522553,0.28384939,0.21152144,0.09516637
-0.22839489,0.89164341,0.05525955,0.15803822,-0.06283052,0.09530872,-0.04773653,0.09083320
-0.38101583,0.89617995,0.01777692,-0.28642176,-0.17079945,-0.33333233,0.16257058,-0.06615119
0.97336789,-0.34509414,0.14163235,-0.04354889,-0.41678761,0.13127233,-0.05365050,-0.07359275
0.19949632,0.99462170,-0.01724802,0.17687424,0.11362452,-0.12354206,0.29000813,0.22912203
-0.34731947,-0.86453180,0.04255361,0.21024748,0.08776070,0.02761008,-0.02042608,-0.06053458
0.52361298,0.83539756,0.08137914,-0.06084643,-0.28206911,0.01080610,0.33164644,0.27214318
0.32362255,0.91667279,0.15573512,0.01635392,0.01461028,-0.02542775,0.01228225,-0.20262183
-0.38241466,-1.03875796,-0.02772545,0.30726092,0.21761434,-0.00046361,-0.00050055,-0.11819157
-0.72422300,0.66838727,0.26818170,-0.08500778,0.11430999,0.08738722,0.08267819,-0.05388080
-0.97043914,0.30291949,0.02212163,-0.09146745,-0.42549050,0.14845980,0.15392958,-0.09674137
0.13704147,1.02695908,-0.18970041,0.14506174,0.14609857,0.17407084,0.18803047,-0.37319798
0.97483949,-0.54709568,0.22619848,0.21566552,0.16755328,-0.01117811,0.56195084,-0.00494517
-0.18805707,-1.01351850,-0.28164222,0.38829103,0.20837044,0.27045539,0.21489576,0.08759119
0.04510014,0.93960000,0.12009340,-0.03178754,0.08203147,-0.12704949,-0.14758550,0.06771865
-0.57362928,0.72469006,-0.18511711,-0.32142352,0.40949070,-0.21808319,-0.16505943,-0.13672224
-0.12153406,1.09366599,0.11550265,0.06534410,-0.22004174,0.03768915,-0.23645399,-0.02623684
0.26981587,-1.03731386,-0.17555371,-0.07821057,-0.03244788,0.07049568,-0.45092478,-0.36229671
-0.66686869,-0.57945028,0.00396742,0.04364516,-0.03118162,-0.08897242,0.02198276,0.13198900
-0.44541201,0.85149919,-0.20686619,0.04586867,-0.22982565,-0.13402779,0.02851776,0.02211719
-0.96219838,-0.21363448,0.09548471,-0.06508934,-0.00366789,-0.04907477,0.34184780,0.08993006
0.13268317,-0.97098556,0.24453909,-0.17269150,0.07193453,0.03465674,0.21005756,-0.17344555
0.04903961,1.03341363,0.15750965,0.26862116,0.02041914,-0.04403251,0.17365051,-0.27789040
-0.83153951,0.65584221,-0.23797615,-0.31137863,-0.32603564,0.16472863,0.17334624,0.02153264
-0.90997171,0.63455268,-0.09640391,-0.21190319,0.15329773,0.16256473,0.25108584,-0.15594267
-0.86142989,-0.31071770,0.22839922,0.14231786,0.10381636,-0.00051052,-0.02628349,-0.06902156
0.96384218,0.26764460,0.17891886,0.06014637,-0.19509433,-0.28219322,-0.15087311,-0.00382046
-0.51593624,0.87116569,0.22851375,0.11120431,-0.33050422,-0.46048802,0.17560940,0.29842493
0.26248573,0.85405355,-0.04949469,-0.12230709,0.20038890,-0.10502658,0.17224766,0.34467485
0.67970731,0.77995809,-0.25600861,0.18583366,0.00577402,0.51247028,0.01228917,-0.15356038
-0.49951982,0.74115601,0.09182785,-0.14750137,0.27817707,-0.01655602,0.17436749,-0.00374806
0.13498784,0.90310796,0.35891662,0.05007595,-0.22546726,-0.05865423,0.20005389,-0.29287597
-0.57988550,-0.95184861,-0.06977186,0.25893397,0.04490964,-0.19638446,0.18547344,0.09253578
0.82128949,0.63711353,-0.22179514,0.12706456,-0.08444189,-0.42716828,-0.11482022,0.12678243
0.50314739,-0.92727670,-0.09901161,-0.01810161,-0.32269116,-0.15856140,-0.03665450,0.11587705
0.71908699,-0.79215157,-0.43371784,0.00512443,-0.02883296,-0.20829114,-0.00834742,-0.14870928
0.83400717,-0.28510029,0.10097613,-0.18168744,0.25338662,0.07939985,0.35615981,-0.02687625
0.83067378,0.69055597,-0.09332295,-0.20784128,0.00301252,-0.01310127,-0.13001572,-0.07681414
0.89613914,0.41470312,-0.26882761,0.33937040,0.00617485,0.18888627,-0.24056594,0.06895823
0.97098918,-0.26066939,0.17470242,-0.32801921,0.23019392,-0.29901328,0.26853967,-0.01055597
0.86198135,0.59549920,0.00781657,-0.19866084,-0.14812029,0.09580665,-0.27475438,-0.17276470
0.73051184,0.76680551,0.07434522,0.08977919,0.19285779,0.17658068,-0.50646878,-0.09721348
0.31885373,0.92510057,0.36606625,0.05019907,-0.24492740,0.11392191,0.39115741,-0.13440410
-0.79065719,-0.63014800,-0.11708855,0.02352418,0.10378157,0.07153139,0.04311203,0.48490553
0.25884395,-0.96139872,0.11345146,0.03857590,-0.28816424,0.34790912,-0.14026999,-0.28289738
0.99165962,0.42750854,0.47536030,-0.30814283,-0.25568027,-0.05423642,-0.08720830,-0.01379611
-0.52573014,0.68154992,-0.08907641,0.14398107,0.16031974,-0.13126076,0.10968136,0.08461753
-0.77220627,0.71393555,0.01062079,0.56553889,0.03466375,-0.17792930,-0.03077264,-0.11097491
0.88156045,-0.34624937,-0.21934088,0.16924998,0.08617024,0.00750916,0.14715835,-0.26644750
-0.87180559,-0.77096221,-0.25746144,0.10265610,-0.15926142,-0.07029570,0.12843277,-0.20908844
-0.97177057,0.22968256,-0.03797477,0.19641921,0.15845977,-0.25356933,-0.27377448,0.00341356
-0.76836412,0.77951139,0.05512855,0.09770185,0.09393786,0.27282787,-0.06406890,0.27654749
-0.62041330,0.78455647,-0.02755750,0.19746321,-0.14817182,0.15105594,0.23030272,-0.13107819
-0.02172998,1.11228098,-0.00378295,0.07793942,0.18182778,0.38826514,0.33321792,0.06009341
-0.24812769,-0.99455837,0.17159216,0.10955219,-0.05187715,-0.02869252,-0.01900050,-0.51723181
0.60245876,0.88385578,-0.02038933,-0.21063562,0.01404133,0.10175508,0.36923277,0.21923034
-0.95990397,-0.27979707,-0.26626243,-0.09034064,-0.27216676,-0.01611666,0.22058998,0.21698256
0.15134882,-0.82746449,0.20561767,-0.05028282,-0.39181943,0.03265113,0.01249425,-0.34816439
-0.91457265,-0.05647277,-0.09179513,0.24988586,-0.12609348,0.27082728,0.05082784,-0.14539516
-0.84906380,0.36311008,0.13950703,-0.29647124,-0.08091623,0.22887104,-0.14667351,0.08462446
-0.67552465,-0.76956483,0.15159308,-0.23520594,-0.28756310,-0.27757278,-0.07211886,-0.31491078
0.89203156,0.36068471,0.31485349,-0.07666312,0.33148128,0.11808844,-0.04045180,0.10969365
0.92218671,0.49820588,0.15752641,-0.01417788,0.17315577,0.04830105,0.03863111,0.05713824
0.84886500,0.59692130,-0.01100104,-0.21667944,0.17986763,0.22992349,0.27899896,-0.06714683
-0.27467298,1.04265169,0.04210002,0.06435508,0.04526207,0.06041405,-0.01782064,0.09476186
-0.81315090,0.52582442,-0.26353784,-0.01217999,-0.14245231,0.11430042,0.26070791,-0.24539843
-0.39901640,0.89299712,0.29773796,0.16255274,0.09565106,-0.00575665,-0.08348472,0.08389924
-0.55319681,0.79721539,-0.11174995,-0.31869198,-0.16606353,-0.07015551,-0.22914060,0.07135471
-0.31853769,-0.89070978,0.07648276,0.17026043,0.05467954,0.24962240,-0.11441933,-0.15121295
0.24484221,-0.89555875,-0.02609809,-0.34474272,0.23217199,0.15027124,-0.14649844,-0.34769145
-0.12088935,-0.96290805,0.24071180,0.37945337,0.05252479,-0.03903692,-0.04293384,-0.05588443
-0.26903477,-0.90483411,-0.01304154,-0.32743630,-0.26074043,0.25065741,-0.13135842,0.16610502
0.96574066,0.30415668,0.17207292,-0.03172893,-0.17177930,-0.01722851,0.01884808,0.02939596
-0.49056827,0.81278314,0.21923260,-0.03481680,-0.07837605,0.19235055,-0.19573761,0.00480474
-0.71840593,0.55656388,0.29216627,-0.04531664,-0.09592142,-0.02571586,-0.10564752,-0.06483702
-0.78042655,-0.82847457,0.08780528,-0.03459891,-0.14296138,0.65267022,-0.03245690,0.28979587
-0.91338356,0.42471843,0.25453689,-0.21273429,-0.20693854,-0.00334652,-0.13865805,-0.05088448
-0.72470425,-0.51806225,0.04484039,0.06715086,0.27419141,0.29232670,-0.06275716,-0.36424042
0.26090427,-0.94608853,-0.08775698,-0.13378355,-0.08211108,0.32822668,0.02018853,-0.06696819
-0.91529438,-0.44814968,0.57541948,0.00088814,0.03908580,-0.05497399,0.22338185,-0.19338683
0.08443010,0.88387534,0.07649862,0.46338635,-0.00619620,-0.16401805,-0.03657297,-0.14786761
0.91378350,-0.57643005,0.06854397,-0.12332325,0.23008547,-0.00604602,0.03229580,-0.09423934
0.57470194,-0.74977477,0.14291589,-0.15443149,0.13692740,-0.10454145,0.02975877,0.16002180
-1.00106022,0.13264878,-0.21261149,0.03882966,0.25654456,-0.05553692,0.49962527,-0.36849988
-0.02196766,-0.97218150,0.23472618,-0.15607339,0.28467166,0.24675336,0.26283887,-0.03400387
0.89478109,0.41245834,0.08160895,-0.06118637,-0.15625734,0.06467814,-0.26137454,0.12773060
-0.96355283,-0.68299812,0.10290705,0.25376717,0.06162125,-0.25615665,-0.11069476,0.17989773
-0.81529366,-0.53705891,0.24165051,-0.04626542,-0.10609031,0.17326891,0.33530450,0.09078160
0.81982707,-0.40455043,-0.04015693,-0.35339958,-0.00674018,0.19350729,-0.52505363,-0.02552639
-0.18009643,-0.93373523,0.08912049,0.11088294,0.22180614,0.55477644,0.07480224,-0.17116043
0.91515491,0.14125418,0.15336103,0.07860346,0.10380505,0.04989545,0.33174583,0.23057406
-1.06117834,0.04388513,-0.05535140,-0.25328781,-0.12167177,0.02751658,-0.23722089,-0.11909353
0.97465138,-0.32177914,-0.29339341,-0.24203528,-0.00793814,0.17968934,-0.00816124,0.18454471
0.60672309,0.70149116,0.21794827,-0.08174865,0.38979509,-0.10898027,-0.01905104,-0.10004226
-0.59460149,-0.92519435,-0.02785468,0.24914929,0.09615695,0.32960523,0.02470716,0.27122814
-0.63470733,0.77451493,0.52320448,0.31663367,0.12162599,-0.02794421,-0.00414653,-0.02204124
-0.76092333,0.46864787,0.02436107,-0.10851546,0.34886456,0.16797526,0.35009148,0.49412213
0.91230211,-0.51632162,0.09060267,0.14191732,-0.17579516,0.03187639,0.30353614,0.11538293
0.51844463,-0.88864948,-0.13285446,-0.11976694,-0.27377969,0.23912409,0.23608038,-0.00633060
-0.58673059,0.73012807,0.42040647,-0.25177226,-0.08584237,-0.07916839,0.17668764,-0.23990775
-0.43332623,-0.79911140,-0.05593930,-0.22880967,0.12191371,-0.08324360,-0.10312767,0.23664888
-0.14631223,0.97571587,0.10114947,0.03340724,0.04175041,0.57069039,0.26804214,-0.04001727
-0.94120018,-0.29817856,0.15077717,-0.08385010,-0.09496577,0.10627028,0.28986170,0.18927546
0.45808354,0.95025642,-0.46890292,-0.01680515,-0.02540793,0.12400575,0.36950473,0.16910920
0.17963551,-0.99177188,-0.03182869,0.16036774,0.00294619,-0.37020839,-0.16758899,-0.05018101
0.61474082,0.71315074,-0.04404372,0.22938320,-0.01060907,-0.11312981,-0.01294206,0.01577037
0.85994777,0.38639233,-0.44350661,0.56806170,0.16436081,0.01929805,0.50033253,-0.21997099
0.99944578,0.10099794,0.10917840,-0.08280435,0.16821993,-0.06110632,0.27280443,0.10399882
0.49273108,-0.95661522,-0.22170054,-0.01881576,0.00877601,0.46275709,-0.03894447,-0.31815142
-0.41347560,-0.89150984,0.37864245,0.15149193,0.32660687,-0.07353846,-0.20462031,0.06630986
-0.52819640,-0.87127873,-0.14750027,-0.02292519,-0.30286734,-0.41262409,0.29693172,-0.10401072
0.81765051,-0.49353667,0.09572721,-0.12655657,-0.08411453,0.33488312,0.26293683,0.15951189
-0.28031275,-1.01183481,0.03529136,-0.04791733,-0.38257494,0.07826240,0.14100481,0.06267960
0.92995976,0.25801015,0.05372467,-0.03828010,0.06788224,0.11255192,0.30053030,0.05902381
0.95033435,0.43893297,0.07030887,0.17131789,-0.00235083,-0.05341078,0.26565343,-0.42322317
0.90347775,0.32346151,0.16369236,0.12406414,0.07578206,0.07149839,-0.17902398,-0.04395321
0.73998984,0.60520173,0.14443265,0.06366202,0.09420242,-0.01210576,-0.21991938,0.36299710
0.90935090,0.71412024,0.13621992,0.27504980,0.25643474,0.15080688,0.18447147,-0.03066166
-0.05453968,1.06351957,0.21015050,-0.24873011,0.14751877,0.15266686,0.17973861,-0.51428489
-0.42355775,0.80940922,-0.17875899,0.09305894,-0.00480896,0.18933406,-0.10142203,-0.20498610
-1.00042477,-0.33059446,-0.22881198,-0.39420555,0.65438221,-0.06318661,-0.03908287,-0.39207140
-0.95067593,0.25589120,0.07650599,0.16886285,-0.14419217,0.10792091,0.24509644,-0.09610081
-0.07663443,-1.06139126,-0.15911981,-0.27507936,0.14591117,-0.02894755,0.33501205,0.04724350
-0.79123799,0.46440041,0.05058607,-0.21149887,0.34892232,-0.00977284,-0.36975522,-0.10993181
0.99030379,-0.03534059,0.22481654,0.32434039,0.45931296,-0.12477633,-0.38031303,-0.18502418
-0.19719294,-0.95885857,-0.11525396,0.18314959,-0.16705443,-0.01593616,-0.17876242,0.37013295
0.94686660,0.03874181,-0.16599434,0.03691906,0.15484396,0.10117680,0.14949618,0.22080632
-0.78998589,0.44810563,0.06098952,-0.07172724,0.01216869,0.49154841,0.20432243,0.17929830
-0.33954023,1.04118623,0.52300889,-0.13406600,0.07551176,0.19021308,0.20376994,-0.04720738
0.18497878,-0.99721123,-0.11216304,0.00905626,0.25960868,0.17599411,-0.20787893,-0.12672030
0.90642183,0.34238359,0.01452672,0.07280659,-0.28830119,-0.07605938,-0.14009725,0.06527130
0.63118917,-0.62380460,-0.20547095,0.06279601,-0.11734809,0.25362679,0.04825114,-0.03952353
-0.78961410,-0.71922934,0.20420584,-0.13573926,0.16434049,-0.12850380,-0.18432564,-0.37121280
0.77715942,-0.74708137,-0.27975357,0.37834996,0.00637560,-0.22475093,0.41526124,-0.07547128
-0.47872718,0.85390481,0.45527120,0.04772192,0.00715918,0.07454422,-0.23186995,0.19950168
0.78704614,-0.41139716,-0.11076489,-0.23425128,0.08147334,0.17657727,0.03528897,-0.03507083
0.95917583,0.39063452,0.30652178,-0.02573683,-0.17066741,0.51550601,-0.31582447,0.05910630
-0.16613296,-0.97307748,-0.02284672,-0.33788130,-0.22899825,0.02790440,0.00068556,-0.13146318
0.70546325,0.61249644,-0.30041183,-0.12436844,-0.13674876,-0.02362959,-0.23757021,0.32855587
0.90742636,-0.62899379,0.12032092,0.33422439,0.29334599,-0.26360978,0.08222283,0.16670013
-0.38855744,0.96158978,-0.10667566,0.27721945,-0.01290277,-0.08867384,0.05045388,-0.07958659
-0.72345614,-0.62138734,0.55446975,0.07942652,0.03023981,-0.07879407,0.08597318,-0.22903544
-0.28535049,0.91773184,0.03228180,0.11202527,-0.02639393,0.15076668,0.12468830,0.12908402
-0.64434130,-0.81011520,-0.02307566,0.27876856,-0.00856344,0.27657769,0.06675879,0.00826221
-1.01134427,0.27361215,0.08848758,0.02459319,0.09871672,0.04227293,-0.17308628,-0.22617517
-0.01035561,1.05734613,0.32744536,0.42817445,0.18524224,0.14661256,0.13165674,0.03694565
0.91681864,0.42981654,0.17234893,0.13628030,0.02260554,0.04229023,0.21491171,0.20390306
0.87129699,-0.52356190,0.13917860,0.17996882,0.46903754,-0.17067557,0.11793729,-0.16482950
-1.10604520,0.18931611,-0.06934625,-0.01001913,-0.10273448,0.19260038,-0.07065588,-0.32636359
-0.58755354,0.74380888,0.00993746,0.04714825,-0.12849515,-0.17829731,0.01510981,-0.21928113
0.07676345,-1.00916917,-0.03541792,0.17598022,0.00530858,0.24513830,0.08700817,-0.01514410
-0.28852780,-0.97974227,-0.22800895,0.16626058,-0.26591032,-0.27591376,-0.16587440,-0.33442188
0.42467651,-0.88677204,-0.08583495,0.13605396,-0.44511693,-0.04218178,0.08175998,0.21830986
0.07636802,-1.05357334,0.20036452,0.19892195,0.46349356,0.45072603,-0.03359428,0.29051406
0.82284199,-0.74657100,0.15400869,0.27755377,-0.47389927,0.28252755,-0.16144328,0.33938018
0.17507853,-0.82169558,0.29587826,-0.05942628,0.43851368,-0.18872864,-0.11481524,-0.21476714
-0.64382818,-0.79065025,0.17188935,0.23247348,0.17055385,0.22867619,0.23071653,-0.01120814
0.14597305,-1.04300673,0.15850883,-0.10448032,-0.19505856,-0.16873473,-0.04149217,0.05003698
0.91523173,-0.57148193,0.11236647,-0.45709195,-0.06649711,0.21217850,0.05300409,0.24192741
0.44405238,0.85637094,0.00549216,-0.09187654,0.07342254,0.19455185,-0.40909675,-0.17271938
-0.78344590,0.65338334,-0.27188408,-0.10811812,-0.07108798,0.18519440,0.24109625,-0.17678406
-0.98489851,0.18385122,-0.14482595,-0.09627283,-0.39262070,0.13565324,0.03988911,-0.21045306
-0.39701581,-0.90232522,0.07577130,-0.11311528,-0.26371626,-0.08073134,0.16201390,0.24284271
0.12238734,0.95571646,0.04316582,0.05098647,0.12810829,0.11293350,-0.20417764,-0.15758564
-1.00453041,-0.34445033,-0.11114466,-0.16384080,0.20167334,0.29135149,-0.19185493,-0.03463659
-0.82729467,0.67055565,0.18108093,-0.29554397,-0.05119714,0.12770034,0.30611311,0.18757394
0.58957457,0.94762737,-0.18400333,0.16216580,0.14177679,0.21452110,0.13386063,-0.12394945
0.19868146,0.99874524,0.16234257,-0.26465543,0.00533090,0.04268090,0.24362058,-0.16341777
0.97542527,-0.31225933,0.20176179,-0.08163821,-0.07023698,-0.20167056,-0.13145357,-0.13966219
0.16991508,1.05040350,-0.20887743,0.04202175,0.16309603,-0.23849051,-0.44549499,0.08839172
0.22748643,1.18320521,-0.02738039,0.04841727,-0.06191641,-0.15061180,0.19469537,0.03824396
-0.66457027,0.71573336,-0.02567721,-0.01595651,0.10268805,0.03998201,-0.00189925,0.39140512
0.87236094,0.51097511,0.03173425,-0.13034129,0.14465807,-0.38502732,0.22594059,-0.32188598
-0.31137195,1.07228511,-0.10615803,-0.11203913,0.23691844,0.47956838,0.20560666,0.02680892
0.76942904,-0.53034772,0.23960441,0.17551409,0.26167052,0.19751918,0.26311042,-0.12785273
-0.67310421,0.52692759,-0.01193805,-0.04541556,0.01606062,-0.25060616,0.02828631,0.15670511
-0.96014083,-0.36142324,-0.01145352,-0.07920556,0.17876859,-0.03920909,0.12132699,-0.08505004
-1.09387326,-0.07569910,-0.06170227,0.05567365,0.02593527,0.11682643,-0.03097775,0.08934212
0.53181316,-0.92387696,0.16002496,0.12828912,-0.20154714,-0.16848879,0.07287630,0.06525470
-0.19448551,-1.00842290,0.01429685,0.20159452,-0.19508372,-0.28600802,0.19596875,-0.16116674
-0.44712086,-0.96996177,-0.22956326,0.30289820,-0.02179948,-0.29104005,-0.05239062,-0.04300129
-0.58797412,0.76911088,-0.24075247,-0.06667201,0.08079569,0.11450405,0.00733116,-0.17097741
-1.09260412,-0.01894443,-0.23462656,-0.10075949,-0.00709015,0.07963736,-0.01472004,-0.17358219
0.87921240,0.29426414,0.49268650,-0.05342104,0.12018796,-0.36013093,0.03357077,0.13402157
0.63894119,0.64011580,0.16737332,0.11489407,-0.53283396,-0.13115809,0.13479252,-0.10635027
-0.97294246,-0.23925770,0.29753684,0.12879165,0.16645480,0.03179550,0.31684094,-0.56880051
0.44257752,-0.83955455,0.20458583,0.04248815,-0.07497733,-0.36961004,-0.09179728,-0.03441077
-0.78046032,0.53331340,0.20103930,-0.06256272,0.17520932,-0.01417700,0.04872362,-0.10196470
