0.69170402,-0.71082523
-0.68773939,-0.76375592
0.32199939,0.94634486
0.99884676,0.10875537
0.40487275,-0.76909710
0.25359330,-1.02926884
-0.52316423,0.84979871
-0.23154784,0.94699775
0.57091744,-0.75734588
-0.71995854,0.75918160
0.52504681,0.83606314
-0.52450086,-0.70469704
1.04204269,-0.06239665
-0.74645433,-0.71081924
0.98050724,0.44847203
0.27932496,0.98267239
-0.44542662,0.91700693
0.98196719,-0.11738874
0.27035490,0.83682134
-0.32036488,0.90794865
0.94630805,0.31487055
-0.38511536,0.99755078
0.60635155,-0.80357042
-0.30950427,0.97045114
-0.04411821,-1.07135808
0.90916877,-0.04129825
0.63278940,0.66031273
-0.03033944,1.06199186
-0.72766673,0.77169087
0.84607957,0.13553978
1.02768558,0.21224206
0.97760694,-0.53515801
0.93320792,-0.07286550
-0.92652666,0.33719968
0.88676599,-0.51401323
0.17265121,0.93484447
-0.78878058,0.55729360
-0.35684033,-0.76969835
-0.25063252,0.89369970
-0.52098544,-0.85097625
-0.80820406,-0.58480699
1.09210299,-0.21599439
0.48078528,-1.04279766
-0.60135916,0.95135343
-0.84629252,-0.42505745
-0.94886043,0.08237175
-0.99234430,-0.10905205
-1.01473680,-0.29368803
-0.96933270,0.24792171
0.97707013,0.20906784
0.63889930,0.87046853
0.03009341,0.96500791
0.96259503,-0.28800693
0.96808190,-0.46899222
-0.51361982,-0.89352674
0.84641625,-0.65772063
0.22269341,-1.00955956
-0.66485285,-0.64584583
-0.14300960,1.06286318
0.36344729,0.89532074
1.01644048,0.20827047
0.94080992,-0.41580937
-0.49189921,0.93080554
0.93899114,-0.10504527
1.03609736,0.19620768
-0.91639855,-0.17981469
0.92498840,-0.30636985
0.93510909,0.32943577
1.05894166,-0.00404988
0.11114242,-0.95220137
-0.21091001,0.95673074
0.99097926,-0.15548540
0.27815528,-0.82717335
-0.15985718,0.95936459
0.89469183,-0.46405609
0.05459878,0.96081193
0.65599862,-0.76197317
0.52498101,-0.83177881
-0.47797393,-0.92629144
-1.02219600,-0.18499648
-0.39181768,1.00825790
0.55579148,0.94150525
-0.89793062,0.43277572
0.60801261,0.80393408
-0.95900045,-0.19750850
-0.82492707,-0.54163817
-0.08551732,-0.96145606
-0.70132499,0.64645463
-0.91085193,0.41701927
-0.10423666,-1.06767578
-0.66245049,0.69223194
0.81578917,0.52927500
0.71994762,-0.59569526
0.53079016,0.77777574
0.87022014,0.34683928
0.05498485,0.99080082
0.48240671,-0.70072795
0.03617414,-1.12862557
0.80825971,0.70888404
-0.57609846,-0.77110049
0.64854497,-0.71616346
0.96692629,-0.40713337
-0.93813407,-0.25978289
0.75769276,-0.82832076
-0.63140884,0.75258712
0.95992315,0.19625151
0.52046746,0.81384997
-0.13039061,1.09722635
0.98517437,0.23571616
1.00031635,-0.20513689
1.08259706,-0.00650936
0.74405886,-0.58257111
-0.88677734,-0.19526197
-0.83446564,0.31419731
-0.43723238,0.81977549
-0.89161964,-0.37868804
0.67619568,0.68451200
0.15753215,-1.00053269
-0.61489169,0.88695818
0.29820031,-0.89014626
0.83779296,0.62420677
-0.15408255,0.97542375
0.41516037,-0.82688156
0.19000153,-1.01378704
-0.55455495,-0.87042139
-0.95051099,-0.46869949
0.92283128,-0.11146781
-0.55944848,-0.92171706
-0.39556839,0.94427622
0.31836773,0.90005180
-0.91736681,0.40870800
0.95211748,-0.43346311
0.47124572,0.85489057
0.64392240,-0.69349261
0.05274378,-1.10637532
0.45763472,0.85581730
1.02324877,0.09250745
0.89356999,0.41097010
-0.99899658,-0.12127986
-0.04520300,0.91186944
-0.22958037,-1.11203295
-1.01445248,-0.33776495
-0.73491007,0.67381196
-0.99831850,-0.37501602
-0.13226264,-0.98546611
-0.25485257,-0.98152183
0.63065361,0.74313345
-0.02720760,0.93975116
0.32297643,0.97250072
-0.77185257,-0.59141922
0.87996136,-0.29692959
-0.87110939,0.13262525
0.89282990,0.36583024
-0.80319120,0.65908342
-0.29315941,0.96562007
-0.87755963,0.27358402
1.07848076,-0.23144038
0.97591373,-0.19344144
-0.95977146,-0.37843821
-0.11609415,-0.98247980
0.93372948,0.14931735
-0.89610818,-0.45969227
-0.71699949,-0.63348589
0.48971677,-0.79455654
-0.79097142,0.37794814
-0.86365393,0.47490204
0.60962265,-0.84300354
0.61999519,0.72062010
0.95694183,-0.25973024
-0.31582055,-0.95830707
0.69425669,-0.76084167
0.68691341,-0.65551051
-0.77350137,0.59292815
0.91626469,-0.45260999
-0.18530676,-0.97102306
-0.74771825,-0.72534588
0.70932384,0.78509601
-0.96007855,0.00122097
-1.02685903,-0.40037523
0.58156827,0.76598657
-0.50712251,0.89463541
-1.01036260,0.13165058
0.18525998,0.96842085
0.01500226,0.92861205
-0.76166918,0.59083460
0.63561589,0.71264776
-0.36599866,0.90735809
-0.82894338,0.64336406
-0.02368794,1.04445204
0.17981640,1.00086153
-0.83664019,0.44573260
-0.55118110,-0.96315712
0.93141362,0.34750476
-0.57078196,0.98896840
-0.18402505,0.92379944
-0.85796723,-0.53882427
0.92813055,0.61939017
0.63904512,0.65389500
0.88310310,-0.33398991
-1.05310632,-0.31280715
-0.90024717,-0.59977966
0.54887490,0.90910994
1.03725570,0.13971430
0.79438383,0.49461536
0.99672027,0.26510652
-0.72069124,0.83080569
0.03757067,0.97648419
0.86258583,-0.20379533
1.03867121,0.27986903
0.92127190,0.01244731
0.79867355,0.43803600
0.95524504,0.00341934
-1.06976266,0.07973776
-0.77037613,0.53224027
-0.33568801,0.93109682
1.06343113,-0.25806559
-0.04205443,-1.02149807
0.37150472,0.91412535
0.79631211,0.54028886
0.71290003,-0.60245870
0.63947909,-0.88869126
0.83344814,0.42663866
0.52703129,-0.84703979
-0.79964330,-0.68079784
0.20677543,-0.98022146
-0.12129929,-0.97311430
-0.48244673,0.96702480
0.60096173,-0.76371170
0.99142315,0.27324551
0.99899213,-0.40438475
1.05212834,0.37017804
-0.47474387,-0.79862573
-1.01619939,0.21766923
-0.67150818,-0.71968557
0.87577248,-0.42533250
-0.14777962,-0.87068506
-1.00584634,0.00647532
-0.39673135,-0.98155997
-0.67378264,0.70714834
0.59464742,0.73588592
0.66709032,0.78174055
-0.08161921,1.00628051
0.87960503,-0.58760880
-0.88470224,0.44936774
-0.34728513,-0.89494576
-0.45414630,0.76257329
0.51607419,-0.99486160
-0.72275250,-0.83499619
-0.01456340,0.99451788
0.97740384,0.37277848
0.18072224,-1.03641441
0.40056291,0.81607711
0.11760435,-1.02878091
0.73284313,0.85541660
0.36457872,-0.98613576
-0.33417408,-0.90472144
0.40032349,0.86693198
-0.90389566,0.30768554
-0.57265851,-0.87226861
0.43976210,0.86004241
0.30585473,0.95993054
0.42659027,0.91373675
0.91616690,0.41774700
0.89712394,-0.24861133
0.20725242,0.96480811
-0.93881364,-0.26857404
0.42709925,0.88693996
-0.14758993,1.05817499
0.80331037,-0.69844708
0.30368750,0.84545556
0.82411225,0.39746374
0.54812916,-0.87391795
-0.97198108,-0.07092762
-1.02541848,0.36227630
0.95821828,-0.41454558
-0.66900473,0.80999041
0.19397971,-1.06338969
-0.75067143,0.53227404
-0.86186100,0.39471924
-0.05352667,-0.93901174
-0.78655663,0.55298827
1.03798416,0.19284149
-0.07220255,1.05767018
0.64510142,-0.70360316
-0.43634259,0.89181142
-0.71803231,-0.59617174
-0.78860705,-0.60512966
0.24737812,-0.87411735
-0.81598757,0.74398486
-0.49245255,-0.95681648
-0.60892335,0.75083434
-0.07030964,0.94692715
0.94410628,0.48074235
0.35807452,-0.91981296
0.94240547,0.50952594
-0.73627201,0.71343114
-0.71633324,-0.87992990
-0.16468409,1.03520693
-0.94528578,0.01322217
0.48343701,-0.82052205
-0.04303131,-0.99621177
-0.63712857,0.92154893
0.81407944,-0.51463684
0.67600635,-0.81546785
0.35992818,-0.83638174
0.18456843,0.99376796
-0.75965557,0.51815275
0.96624268,0.00053023
-0.83108760,-0.54309609
0.00069724,0.92227354
-1.09869360,0.37846854
-0.60690186,0.70922708
-0.89722748,-0.37721744
-0.44070606,1.01959009
0.98828262,-0.34096299
-0.86916267,-0.03628588
-1.04707948,0.03894989
1.04425141,0.20579698
0.10644028,0.92504899
0.26537199,0.93425711
-0.83661236,0.46915355
0.89516359,0.39548971
-0.40338242,1.06973011
0.57599295,-0.91252649
-0.96628070,0.01590087
0.74346963,-0.56372298
-0.86674514,0.57828696
-0.86466261,-0.54469496
0.64340352,-0.78218125
-0.67175886,0.77417450
-0.93445906,0.13836296
-0.85518591,0.48313833
-0.96595414,-0.17929642
-0.17828200,1.05212585
-0.19987635,-0.98992127
0.16544778,0.92933485
0.89082740,0.39636393
0.74317354,0.75038938
0.53973107,0.85108523
-0.94713582,0.00700225
0.16736518,-0.98261870
-0.90677601,0.45353044
0.45565926,0.82650701
0.75142562,0.58559518
0.08018648,-0.96550882
-0.67039606,0.56224134
1.03662649,0.17305494
-0.36123514,-0.93658603
0.43146258,-0.98384986
1.15819420,-0.36697647
0.69924841,-0.75145128
1.01935546,0.24550335
-0.37783071,-0.90231650
-0.85714169,-0.46110032
-0.75396054,0.65930559
0.73290546,0.62619815
0.61079970,0.83090972
0.20540577,-1.06815074
-0.42561224,0.94355455
-0.65527891,-0.71385596
-0.95403825,-0.50020865
-0.18024751,-0.94764018
-0.26816669,-1.00758171
-0.75195204,0.73030457
0.57264540,0.81241216
-1.00800591,-0.06163505
-0.07839027,1.07558205
0.00651000,-1.03741482
-0.83294659,-0.36418367
-0.74975977,-0.45821807
-0.08946607,-0.98634294
-0.19272242,-0.95331436
-0.92241179,0.13778066
0.45122886,-0.91665365
0.12275985,-1.00706151
0.23109231,-1.05489734
0.84108357,0.54440143
0.22607138,-1.08696753
-0.88842754,-0.34693028
-0.97077034,0.20986384
0.14436833,-0.98792931
0.75691872,-0.71520728
0.39910987,-0.85469000
0.89343615,0.29504921
0.77969725,-0.70047616
0.47066879,0.90893604
-0.91397799,-0.30539550
0.88131128,-0.44706564
0.21236892,0.97966603
-0.41345472,-0.85437336
-0.49898440,0.90936654
0.55588912,0.91052788
0.60279141,-0.71816576
0.30065722,-1.10400317
0.88146734,-0.57488226
0.89308068,0.41478645
0.33406544,1.04116990
0.86706728,0.45601494
0.86291764,0.42557327
-0.92094789,0.08667444
0.44452569,-0.84149761
0.38657203,-0.87789549
0.89591854,0.07741640
-0.43732905,0.86670740
-0.41505107,0.85065570
1.01944070,-0.23442991
-0.17989557,0.98507003
0.08843482,-0.98095706
0.51454327,0.91961867
0.29955038,0.96133540
-0.47206183,-0.74542943
-0.89355087,-0.42834467
-1.03301276,-0.41329240
0.51000346,0.82008195
0.47897902,-0.77357146
0.51809149,-0.86442753
0.00934337,1.00065856
-0.91192990,-0.49043829
-0.47560618,0.89217470
0.35922224,0.92787975
0.96272401,-0.34067899
-1.04061665,-0.36530132
0.85483760,0.58324964
-0.98892232,0.37768746
-0.06615538,1.05405483
0.98327052,-0.14955412
-0.21710994,0.96730687
-1.04792524,0.17683500
-0.49920961,0.87215595
0.76973849,0.70866579
0.69873641,-0.58465959
-0.27378851,-1.01078882
0.75452632,-0.42691039
0.72761249,-0.84273179
-0.78658292,-0.63003695
-0.91926134,-0.49723207
-0.30896492,-0.90778869
-0.76180872,0.63443133
-0.14958360,-0.92010513
0.63837057,0.69306799
-0.84665654,-0.51135658
-0.28773819,-0.94665725
0.63260787,0.76379075
0.96939178,0.29492913
-0.93121566,0.58974865
0.10136143,-1.04321899
-0.42082311,1.01077586
0.53571783,0.84673807
-0.30294827,-0.94959980
-0.13894730,-0.98101596
-0.24377970,1.00234005
0.47766679,0.81111731
-0.96760352,0.41768303
0.42684682,0.88247932
1.03080236,0.06273199
0.47341941,-0.91547384
-0.95803470,-0.17081033
0.37668453,0.86711470
-0.29406222,0.91758733
-0.43094259,0.99959303
-0.81236714,0.37497988
0.90523123,-0.41156815
0.31669501,-0.90259905
0.74514942,0.62957391
-0.21715953,-0.98815769
-0.96982273,0.27459204
-0.01938175,0.98741568
1.00276484,0.44938060
-0.68796707,-0.69627818
1.15894401,-0.24594418
0.88674658,0.16755905
0.94609003,-0.61049445
0.58991699,-0.80909466
-0.41538156,0.83658212
-0.18937889,-0.92669122
-0.25718367,-0.94490202
-0.39298270,-0.95646588
-0.70998440,-0.68580994
0.38528235,-0.99697545
0.66668535,-0.74099291
0.01467399,0.96205180
-0.99203388,-0.04836916
0.84949472,-0.58107285
0.81752386,0.59414873
-1.03191731,-0.35928965
0.29318610,-0.90705445
0.78246129,-0.57727227
-0.53605896,-0.85225558
-0.96973254,-0.14295238
-0.97191812,0.03728215
-0.10056737,0.95788391
-0.44173373,0.75392720
-0.28988019,-0.82781765
0.66297534,-0.58485389
0.79938185,-0.29103674
0.82463489,-0.42457158
-0.14393848,0.99406691
0.02894861,0.99502498
0.79141500,0.41464074
0.71777993,-0.55820204
-0.87586120,-0.33354535
-0.46734309,0.81523259
-0.61741791,-0.80087158
0.49352630,-0.88252654
-0.13991857,-0.98257138
0.35680665,0.93456757
-0.95457343,-0.40404056
1.01545113,0.10918323
-0.21105475,1.14920303
-0.92485502,-0.42544519
-0.66183140,-0.79678581
0.21473540,1.01174915
-0.39680870,-0.91207635
-0.57673075,0.75635610
0.96950905,0.37434903
1.02481431,-0.09200365
-0.98862551,-0.40489891
-0.79322126,-0.63462588
0.54020762,0.90336900
0.04845573,-1.01505403
0.90920530,0.41768234
0.52513902,0.89291927
0.47684758,-0.92459893
0.12698720,-0.97690503
-0.93284332,0.31314330
0.53539839,0.85408096
-0.87750425,0.11796647
-0.15267771,0.99648507
-0.68474735,0.62849275
0.50041135,0.98157065
0.83104069,-0.53214659
0.46330555,-0.91684929
1.02154383,-0.09170338
-0.52657566,0.74853712
-1.01376518,0.43988171
-0.34896485,-0.90305623
0.93870726,-0.47284606
0.75611828,0.77654043
0.66265590,0.80589066
0.74663790,0.32577829
0.89134121,0.28859687
0.17401087,0.95511658
-0.30377922,0.89274169
-0.96628454,0.32434578
-0.42971461,-1.04332619
0.01146718,-1.10660346
0.78175247,-0.56745505
0.25799872,-0.88727463
-0.37425471,0.97628236
1.06200964,-0.05901055
-0.61073088,0.84519947
0.59210670,0.70805300
0.85060719,-0.66294389
0.95514527,-0.53337782
-1.02123566,0.49154574
0.38550060,0.96832645
-0.37537905,0.90587588
0.94744604,-0.37991858
0.76492149,0.52343314
-0.17338422,-1.09764474
0.92618108,0.20074625
-0.58656060,-0.77621431
0.36363759,-0.91887100
-0.81752497,-0.61332385
1.09919100,0.02928742
0.96478208,0.43543986
-0.93455082,0.07755437
0.08167222,-1.01977940
0.66264025,0.73565167
-0.82042741,0.71534946
0.85435310,-0.25517794
0.98215876,0.04956368
0.95302476,-0.12771187
0.38507063,0.94889227
0.38891908,1.01828175
0.61094332,-0.76304509
1.13264030,-0.19987505
-0.04055602,-0.97679665
1.03159144,0.04455232
0.46693446,0.83442011
0.90315725,-0.20586551
-0.91467234,-0.33699880
0.31636214,-0.97123461
0.34315774,-0.88983148
-0.89626047,-0.41773888
0.12841962,0.97779247
-0.33880977,0.89860602
0.70179170,-0.81729410
1.01627295,-0.20846090
0.29263386,0.97464303
-0.43629617,-0.92776384
0.13228814,-0.88073889
0.40537088,0.88851443
-0.98228748,-0.49517282
-0.45182843,-0.84799642
-0.81894776,0.67348928
-0.74843969,0.69028246
-0.41628522,0.92087781
-0.09555165,-0.97586752
0.73915308,-0.56130569
-0.72104660,-0.50730593
0.76906544,0.46853494
-0.08134336,-1.06124879
-0.73382022,0.70858299
0.92578249,-0.49067511
-0.90861330,0.22765888
-0.75165411,-0.59677171
-0.87309394,-0.57616938
0.77206941,-0.56320724
-0.38832726,-0.88989386
-0.93841731,-0.26950253
-0.95682150,-0.56668893
-0.80967320,-0.69585424
-0.25597959,-1.08563119
1.05214173,-0.53118997
-0.84802234,0.49001620
-1.00719438,0.06074175
-0.02176955,-0.84927225
0.70462722,-0.75926249
0.42596335,-0.94536802
-0.27305382,-0.99297627
-0.87932941,-0.54122900
0.54140417,0.62496606
1.00810046,0.36979399
0.69513522,0.69526188
0.09417553,-0.91562574
0.89936209,0.30498866
0.15809230,1.00148847
-0.61551094,-0.76276681
-0.83543014,0.61964314
1.00061290,0.15663860
0.92788044,-0.29085334
0.63207033,-0.73278264
0.95280997,0.06844531
-0.92008066,-0.50141389
0.86221343,-0.45439602
0.76672660,0.66237805
-0.98706348,0.10450811
-0.75474223,0.72842416
1.07278427,0.01248031
0.87027726,0.41824327
0.93531033,0.42142318
-0.91331413,0.35069765
-1.01834643,0.14110147
-0.68163334,0.56708209
-0.82279892,-0.57411089
-0.20818389,1.04382628
-0.09996049,-0.88687198
-0.86510688,0.39585156
0.96299071,-0.15739402
0.82409407,0.42845721
-0.66570881,-0.77715320
0.31175524,0.96466069
-0.74404657,-0.79137657
-0.93875339,-0.25574409
-0.02449035,1.01492862
-0.75227406,0.59566614
-1.01064833,-0.11215682
-0.71215944,-0.71468870
0.80139713,-0.59691924
-0.91779016,-0.47925152
0.75116472,-0.68530433
-0.89013803,-0.54730054
-0.93827146,-0.40986692
0.61660342,0.79214683
-0.41709627,-0.89721411
1.02845081,-0.05358028
0.21844831,1.06933426
0.36045806,-0.91130698
-0.77685078,-0.64506299
0.86730911,0.43905248
0.09762520,0.97899486
-0.91364944,0.06038127
0.72847722,0.65784877
0.88725843,0.52110779
-0.69474185,0.72129563
0.99232972,-0.23284563
-0.07288542,0.97954701
0.85456697,-0.13618681
0.42807791,0.93125865
-0.79967286,0.58662266
0.72828251,-0.74284804
-0.91000246,0.65022324
0.73195539,-0.77384982
-0.77929001,-0.38969411
-0.83642796,-0.52581693
0.36177875,-0.93791854
0.15289802,-1.05625442
0.66615453,0.64879132
-0.89449547,-0.27083041
0.95424042,-0.41804901
-0.28116823,0.85539408
0.57812657,0.75114727
0.78747539,-0.41605287
-0.53659308,-0.75041277
0.22102729,-1.01630397
-0.64601257,-0.72889475
0.76706383,0.64210066
0.79449334,-0.55103194
0.19750444,0.97403519
0.53108328,-0.82893789
-1.00258132,0.01716784
-0.62593880,0.70220613
0.13585765,0.96551815
0.82256147,-0.53396807
0.54577145,-0.87664209
0.62888557,0.86942929
1.01441221,-0.13313582
0.33040794,1.00291883
0.94088960,-0.21873785
-0.72722595,-0.63921775
-0.98276229,-0.12149633
-0.09088978,-0.96515667
0.57959689,-0.91725036
-0.82883149,0.50807647
0.54035206,-0.67717770
0.68039896,-0.67006307
-0.90574823,0.50032928
-0.09366153,-1.14744635
-0.69679805,-0.74325954
-0.75031795,-0.44113427
-0.88015000,-0.51149802
0.49269048,0.81296528
0.53725825,-0.71505546
-0.63449109,-0.96601048
0.97129109,0.67838376
-0.98401558,-0.20959701
0.21361925,1.01277529
-0.97369063,0.28600483
0.09634732,-1.04505109
1.00174776,0.29065724
-0.05668015,-1.05556400
-0.76976006,0.54963800
0.81307170,0.56482489
0.83345122,0.63375047
0.96462448,-0.16560992
-0.78744314,0.45328075
-0.13266202,0.97491418
0.11103058,-1.07860184
0.84806179,0.03751066
1.07764224,-0.28926067
-0.93567225,-0.29884405
0.95918154,0.46480476
-0.94504220,-0.45844215
0.58271295,-0.83013867
-0.98461405,-0.23438557
0.95032942,0.23303926
-0.63754751,0.70165897
0.63007496,0.83254986
1.01317634,0.04218310
-0.24275498,-0.85814043
-0.27594278,-0.90096864
0.68588793,0.50076309
-0.77131111,0.50390253
-0.19653601,-0.91679747
0.31071316,0.97687898
-0.95924123,-0.20672592
0.62887267,0.75721906
0.86021337,0.47319269
-0.12843451,-0.89198274
-0.45794249,0.98229295
-0.54954373,-0.90887193
-0.61587840,-0.66052339
0.52844661,-0.81119575
0.75606270,0.62355281
-0.93779071,0.05000025
0.89704113,0.29983795
0.25248365,-0.99410429
-0.98516238,0.21120956
-0.36494101,-1.00705422
0.73086192,-0.65779874
-0.52781858,-0.90423577
0.54461744,0.87744255
-0.55416352,0.98557627
0.31927479,-0.90832168
-0.56637871,0.82818587
-0.70429202,-0.60216491
-0.97161143,0.25761700
-0.50405824,-0.92758208
0.29707318,-1.08807487
-0.55006218,-0.81081641
0.74460541,-0.78139070
0.40649810,0.97794182
0.40185632,-1.01903011
0.35295708,0.95518718
-0.73537309,-0.64043745
0.58660665,-0.84115899
-0.37366016,-0.91499006
0.91169698,0.27902668
0.48166328,-0.75586765
-0.50814236,0.88765431
0.75824672,0.74199714
1.01957504,-0.21774079
-0.73845787,0.73402633
0.61393535,0.75033115
0.59375714,-0.88432873
-0.62099460,-0.89960459
0.77557945,0.58436698
0.89968824,0.14812518
0.89114405,-0.48503805
0.95582841,-0.28098512
0.87977974,-0.53931869
0.40554948,-0.81354653
1.02433554,0.38394691
0.87589028,-0.50000094
-0.35661520,0.92256329
-0.72726686,0.61982073
0.36737916,0.87364250
-0.17185530,1.03078639
1.02528447,0.18437387
0.98477528,-0.32118054
0.84049243,0.38494377
0.98823190,-0.05184744
0.95427636,0.28867767
0.05116740,0.98724626
0.82210173,0.50204067
0.94944883,-0.32568493
0.71899977,0.86320636
-0.11518294,-0.91861379
0.15548854,-1.07802379
-0.15740773,-0.91067966
0.36576296,0.85033626
0.41693653,-0.83783500
-0.26633718,1.05348066
0.74264533,-0.71455015
1.00391709,0.36733417
0.86073294,0.36834438
0.75930302,0.56582774
0.42429610,1.05241822
0.90969013,-0.49024913
-0.13485021,0.85356253
0.94068400,0.08346206
-0.93653723,-0.37064489
-1.10121333,-0.14903992
0.14550236,1.13227601
-0.20633574,-0.91111159
-0.93620957,0.50335284
0.99792942,0.04406938
-0.60597930,0.74795544
-0.70685940,0.65029206
-0.13442236,0.93262373
0.48516490,0.83872812
-0.96125709,0.15378182
0.78289768,-0.67878666
0.30261476,0.86817993
0.88476038,-0.67398197
0.83944172,0.48480372
-0.81703112,-0.70611311
0.69942909,0.61373127
-0.66817110,-0.70108180
-0.25111095,1.03586038
-0.34538574,-0.97468523
0.46362964,-0.76651575
-0.20412918,1.00214609
0.41802782,-0.82414453
0.12940799,0.98684157
-1.01012900,0.29862671
0.89844334,0.49100872
-0.90558563,0.40039562
0.90280279,-0.37578992
0.51217719,0.86378726
-0.96137038,0.08880083
0.96000453,0.38397389
-0.13044753,-0.94467475
0.12325824,0.88294163
0.04961050,-0.99346566
-0.75312469,-0.82209344
1.02521838,-0.23247330
0.22564674,1.00520663
-0.25204456,-0.91849165
-0.72655928,-0.62625340
0.96565002,0.52549427
-1.01657801,-0.14351650
0.91713176,-0.21558110
0.52262011,-0.85072739
-0.60528125,0.89861961
-0.81766028,-0.64874052
-0.50960810,0.85962454
0.17524535,-0.97321539
-0.12742389,-0.85752183
0.49101306,0.91349846
0.21797006,-1.03099491
0.97480302,-0.29594989
-0.71641069,-0.79899774
0.40356319,-0.87938824
-0.63802363,0.74504836
0.83049356,0.59905286
-0.19306246,-0.90745297
0.02326424,-0.88285299
-0.69675181,-0.67441716
0.71557663,-0.64229617
0.48964668,0.81767242
-0.95462368,-0.19230354
0.82743632,0.64655498
0.34597130,-0.88151338
0.14560146,0.83228588
0.66160204,0.60844296
0.38533326,-0.88458068
-1.00416197,-0.05015156
-0.51733738,-0.89527604
0.43233974,-0.93994980
0.07348306,-1.07971809
0.94629257,-0.12092244
0.51999768,-0.94460332
0.76833299,-0.61727615
0.51778938,0.88513929
0.91155388,0.43482761
0.79994513,-0.74044774
-0.91030783,0.47831366
0.60323766,-0.90943518
0.76016281,-0.85414935
-0.23177393,-0.88995323
-0.92155775,0.39282973
-0.46416364,-0.92114269
-1.01072135,-0.32895661
-0.28054720,-0.99340987
0.86014021,0.42081101
-0.40459765,1.05154636
-0.89830821,-0.20847468
-0.76929364,-0.72865429
-0.39131007,0.86765173
-0.40278102,0.88735297
0.89534544,0.50806703
0.78366499,-0.58880908
0.90092063,-0.54425928
-0.06173084,1.03149717
-0.14799605,0.91381146
0.75981544,0.66395309
-0.38189143,-0.96382605
-0.62824107,-0.84876718
-0.77184313,0.71395472
0.29422846,-0.92579411
0.36235745,-0.89256250
0.89778341,0.35175072
0.85605034,0.31540560
-0.58057146,-1.00686463
-0.41314976,0.91350422
0.76743586,-0.65441068
0.42356399,0.86038576
-0.41767525,0.83281857
0.76612899,0.74068985
0.60648145,-0.79752361
0.71980799,-0.66067897
-0.66096712,-0.74178024
1.01204583,-0.11074207
-0.33198317,-0.96082467
0.24446822,1.05742600
-0.65122732,0.82061471
0.57795467,-0.76448969
-0.34255342,0.86773582
-0.35336222,0.90238530
-0.18880092,-1.04706539
0.55405617,-0.79906315
0.92862344,-0.42027551
-0.45831335,-0.79636618
0.72824436,0.69764615
0.38152780,0.96021032
0.39184132,-0.85860158
-0.42280298,0.91212664
0.00383841,-1.12496078
0.66584395,0.44207772
-0.81551604,0.52196457
0.01847720,-0.98414798
-0.45935343,-0.95957635
0.13463298,-0.92279364
0.04056083,-1.00840225
-0.69505668,-0.81530642
0.97667964,-0.17115211
-0.66778235,-0.72447249
-0.24261221,0.92010099
-0.47937816,-0.90170951
-0.90192740,0.52567003
-0.59992616,0.81846413
-0.07390172,-1.02778107
-0.37545161,-0.79141183
0.88312670,0.33749098
0.90176843,-0.38471256
0.89544838,0.49720689
-0.17534653,-1.04234330
-0.09399620,0.95362096
-0.88365806,-0.58548102
-0.93949876,-0.58670862
-0.87833238,0.56991668
-0.11159505,-1.05519084
0.76209915,-0.56928506
-0.93060453,-0.26007738
0.69731344,0.73908159
-0.93032950,-0.36316334
1.03055661,-0.39410110
-0.78711268,0.60681259
0.91113169,0.03348608
-0.81082201,0.43950471
-0.05620625,1.03045527
-0.83957278,-0.29885500
0.62431759,0.87927814
0.97657336,-0.15357530
0.62431627,-0.77881383
0.90778162,0.26593306
1.02009413,-0.37989917
0.83072600,0.41222932
1.06159958,0.05055063
0.49287137,-0.93383732
1.05646708,0.14867863
-0.46000715,-0.92611382
-0.89105042,0.28668492
-0.08417509,0.86764185
-0.54203777,0.64047312
0.41421411,0.89845539
0.63508525,0.80287177
-0.83210593,0.60388204
-0.92090432,0.29374568
0.50812640,0.90655220
0.89864137,0.09511691
0.72385537,0.83289451
-0.16058415,-1.06718410
0.92271567,-0.52990048
1.05806600,-0.11490652
0.40005593,1.00110214
-0.91979080,0.22231697
0.88962899,-0.22172472
0.59541222,0.78323491
0.80945591,-0.59325964
0.86888835,0.41278476
-0.96719615,0.33820394
-0.49949655,0.84359168
-0.04924398,-1.08497136
0.98274409,-0.14146659
-0.85592730,0.02007121
0.80801161,-0.50127868
0.73424860,-0.53937262
0.15284209,-0.88656762
-0.65888646,0.80109291
0.88875804,0.18686751
0.08502715,-0.86261554
0.53454536,0.82219139
-1.10320643,0.17347620
-0.59451762,-0.81461189
1.06271741,0.28707996
-0.90855661,-0.49968958
1.02293293,-0.45908312
-0.57289842,-0.83559331
1.00136638,-0.34445351
0.21312192,-0.78796822
-0.46076500,0.77222517
-0.81490730,0.31325525
-0.75594697,-0.62624468
-0.95626390,0.42245503
0.83088400,-0.62898266
0.92669362,-0.49661458
0.03798950,0.85171410
0.86338028,0.24176521
-0.37326311,-0.89122043
-0.40849417,-0.94884423
0.57247126,-0.82724746
-0.74475617,0.62823601
0.62068464,-0.65522435
-0.73561282,0.77317002
0.12631080,-0.91403286
-0.11532418,-0.94804062
0.13341261,-0.97430233
-0.85765833,-0.59932093
-0.80893001,-0.44575551
0.50231965,-0.74280213
-0.94001764,0.33023560
-0.76599721,0.57134036
0.47473888,0.88559202
0.73697944,0.53545951
0.07832814,-0.95113766
-0.48856200,-0.79315998
0.56164308,0.96090940
-0.28078742,0.82392505
-0.58805097,-0.80034523
-0.50676115,0.82403967
-0.88383550,0.25966085
-0.83838538,0.21450377
-0.84458753,0.39088979
0.23043005,0.94865991
-0.61863129,0.87804269
0.13583221,-1.06196417
0.09274358,-1.13128637
0.79162120,-0.54363311
-0.29267739,-0.97686552
0.87981405,-0.62446862
0.88836542,-0.53444765
0.93310802,-0.41159999
-0.99848595,-0.02210756
0.49375249,-0.92372559
-0.56205873,-0.78531459
-0.86380346,0.54482797
-0.39138755,0.86674109
-1.04428166,0.29643378
-0.44852684,-0.92366023
0.10280493,-1.00334248
-0.23924797,0.87065992
0.32795659,0.92019199
-0.89726383,0.60545735
-0.67762390,0.66752998
-0.72349574,0.72875997
0.64692889,-0.57844993
0.63046795,-0.69496980
0.98040214,0.20688940
-0.62553462,0.83306714
-0.15137160,1.03587864
0.86739920,-0.47594703
1.09084049,-0.01878635
-0.73195302,-0.35850869
0.65177992,0.60553401
1.01450222,0.39430991
-1.06213526,0.12337475
-0.92792822,-0.64207185
0.82240461,0.47879872
-0.50721750,-0.77236107
0.91214016,0.16163766
0.27341351,-0.90737522
0.97947625,0.31041250
-0.04726181,-0.93640480
0.06297123,-0.97812672
0.13999042,1.02303627
0.20543664,0.95823795
-1.00490807,-0.04520923
1.03214737,0.41397482
-0.88908075,0.41468895
-0.14816173,-0.99422899
0.68807735,-0.72392493
-0.87653810,0.59831843
0.52417926,0.76676232
0.64014749,0.68619096
0.24730290,1.01696339
0.06500136,0.87202857
1.11875967,-0.17307656
1.01148079,-0.12959948
-0.95801447,0.06507570
0.76118353,-0.61156893
0.97223120,-0.35244689
0.35070463,0.97597033
0.17707612,0.90260368
0.43509089,-0.92372612
-0.03216872,0.96163589
-0.32167692,0.92983371
-0.89956127,0.35666426
-0.46991486,0.86632367
-0.03678932,0.98668893
0.95380815,0.30353459
-0.76438106,-0.62065878
-0.68512129,-0.72657895
-1.06321402,0.38206705
-1.05014726,0.19697728
-0.59985420,0.75174180
0.65769779,-0.51430782
0.50682948,0.88951899
0.72996615,0.81753008
0.89109680,-0.29829291
-0.17817176,1.02737296
-0.44926956,0.91257411
-0.76639121,0.71639416
-0.10897193,-0.98138441
-0.04998411,-1.01454245
0.80284940,-0.65607586
0.29964814,0.94055464
0.36584195,-0.94956380
0.89247207,0.17032787
1.01627184,-0.31597842
0.32785353,-0.94652667
0.75582237,-0.64083117
-0.64944669,0.70135089
-0.06581957,0.85835032
-0.19530509,0.97414301
-0.22050967,0.93780192
-0.03640408,-0.87624123
-1.06880098,0.18259345
0.85593570,-0.69216423
-0.38559694,0.89927330
1.01585356,0.06708324
1.04623763,0.28631294
0.51209396,-0.88917044
-0.71760625,-0.37334051
0.76230431,-0.78107622
0.32681187,0.84124602
-0.59562394,0.74210226
-0.00255049,-1.11883735
-0.99115252,-0.04766360
-0.34308515,-0.82978187
0.47216604,-0.84985279
0.30613009,0.94763281
0.68704207,0.48394875
0.62300393,-0.91519173
-0.90799748,0.38985639
0.09546357,-0.99154190
0.99967112,-0.04321687
0.71482464,0.68212311
-0.16383075,1.06695157
0.99277317,-0.06845255
-0.55574349,0.77352746
0.82860249,-0.61767231
-0.72579535,-0.70175990
-0.75057894,-0.68697611
0.90108674,0.32233492
0.89972537,0.43494128
-0.14621758,-1.02120720
-0.04100989,-0.90368175
-0.34894441,0.99353706
-0.34312261,-0.94451846
0.81166180,-0.72173703
0.80885419,0.75324699
-0.97696818,0.24996038
0.66965726,-0.66028742
0.76672009,0.63501832
-0.40251593,0.82545298
-0.14682370,-0.95669399
0.83174959,-0.65193012
0.19730765,-1.03271692
0.96589205,0.20340424
-0.82220826,0.49674348
0.49584137,0.82463750
0.99642365,0.35331103
-0.82997887,0.66305870
-0.45912774,0.90802838
0.04493930,-0.99482944
-1.06327341,-0.23645136
-0.28129492,1.04836755
-1.02163415,-0.20632679
-0.47938402,0.72391341
-0.40411370,0.95455470
-0.16834253,-0.97641686
0.57584251,0.79989868
1.07260895,0.09206600
0.93238445,-0.00647083
-0.44424310,0.86727641
-1.01586508,0.16189571
0.89333333,-0.15128024
0.94884819,-0.27356955
0.52650252,0.86165473
-0.43788727,-0.99314651
1.04940728,0.06814900
-0.38188670,-0.87541165
1.06487252,-0.04083189
-0.73244762,-0.50256919
-0.36474475,-0.88806922
-0.62278903,-0.73752335
1.05123226,0.04731515
-0.22238087,1.07688607
-0.97537863,0.36307211
-1.06497166,-0.14168295
-0.99851520,-0.31159583
-0.52575052,-0.96301948
-0.87239192,0.31221005
-0.19573478,0.99323840
-0.30877819,-0.86256121
0.91063946,0.35892228
0.94696620,0.45405266
-1.04406802,0.16253126
-0.74746092,0.71671315
-0.29617744,1.04470897
-0.29750428,0.99801503
0.44650538,-0.89329634
-0.72846184,-0.70148389
0.97928382,0.12694043
0.03311791,1.05442926
-0.99912571,0.41813584
0.03336762,1.01416030
-0.87360577,0.44537950
-0.96532644,0.06108487
0.77993556,0.67594015
-0.66855250,0.78004923
-1.03538257,-0.05247616
-0.93160139,0.26668711
-0.74392662,-0.72398553
-0.61388103,0.75243281
-0.57851733,0.74638876
-0.97167808,0.29235831
0.42776013,-0.90872514
0.93004077,-0.47173419
-0.99232017,-0.32647261
0.08017539,-0.98631516
-1.02854490,0.11308259
-0.28264653,-0.96778080
-0.97574289,0.23172791
-0.96595240,-0.01996454
-0.24288535,-1.00604468
0.83342724,-0.62548557
-0.41723073,0.94795227
0.93357233,-0.14451751
-0.78077103,-0.49818318
1.00558767,0.18661415
-0.96894451,0.41080986
0.97726542,-0.16593446
0.11936217,1.08163347
-0.18893629,-0.92937536
0.51566810,-0.95893112
-0.63102217,-0.63943643
-0.89501870,-0.29588817
0.89478831,-0.37598010
0.96353995,0.46837408
-0.50122321,0.78621461
0.99906018,-0.03184753
1.04441399,-0.25655110
0.94002503,0.24848628
-1.03738086,0.28101338
-0.93705136,-0.02244358
0.85123224,0.65121032
0.78214710,0.59725727
0.67076234,0.61450285
0.85724132,0.52931912
0.61226128,0.90523475
-0.02218619,0.90969641
0.50237607,-0.95374333
0.60480489,0.86118582
-0.36607928,-0.96964627
0.24107737,-0.90618510
0.95989399,-0.26351332
0.22937963,0.97564073
-0.62806638,-0.59278711
0.99300901,0.44352065
0.88351311,0.66388059
0.25442381,-0.86675212
0.55486457,-0.71983949
1.03548538,-0.25346609
0.91616686,-0.19974635
-0.44732936,0.93404912
-0.95748090,-0.16658819
0.98084133,-0.07188063
-0.27155685,-0.98117675
0.17890430,1.02749696
0.32884704,1.00808361
-0.97620852,0.06570623
-0.82362009,0.69918220
0.70237681,-0.81138851
-0.85495740,-0.59061839
-0.86699047,-0.29440837
-0.07715868,0.95814185
-0.83017752,-0.51067792
-1.03221120,-0.07817353
-1.03944791,0.34949210
-0.67617607,0.71471456
-0.99035438,-0.40853863
-0.96040510,0.08752876
0.98559731,0.14660737
0.48383536,0.85564216
0.90401584,0.39418500
-1.03246835,0.34558913
0.95107344,-0.24400722
0.91124414,-0.45203076
-0.90765202,0.60656575
1.01992660,-0.16755030
0.13473546,0.92982383
-0.69912024,0.61351434
0.78959711,-0.57672878
-1.03473284,-0.02662604
0.00317767,1.02190950
-0.69226156,-0.65419303
0.41814846,0.84645121
-0.82471630,-0.40228804
-0.63824759,0.78837480
-0.06336014,0.99466052
0.56748645,0.79506282
-0.97007860,-0.32748931
-0.06452344,-0.98675384
0.03170245,-1.02995932
0.27338309,1.03931829
-0.46083497,0.93285754
0.12027163,1.01391776
-0.27591481,-0.93820071
1.05325291,-0.03451843
-0.53669323,-0.83718687
-0.20588901,-0.90740039
0.40543591,0.91232120
-0.86006380,0.34735333
-0.81903188,0.59623219
0.04184170,-0.98123870
1.01830297,0.13380939
-1.02191472,-0.52984395
-1.00701832,0.05396470
-0.29535026,-0.84993470
-0.14620103,-0.92286519
0.62749550,0.75860828
-0.88362773,0.47645735
0.29374723,-0.90004894
-0.74446539,0.60988468
0.99954365,-0.00332669
0.86248226,-0.32608157
0.31606823,0.94131342
-0.98715665,-0.31503922
0.73018378,0.59625888
0.46011069,-0.97178865
-0.15554691,0.91311484
0.90104095,0.20454319
-1.01116290,-0.28411425
0.16346450,0.93880001
-0.89162099,0.28436561
0.94088792,-0.23368587
0.91689425,0.48344874
0.70896765,0.68096169
-0.89178286,0.29074731
0.21376257,0.86968344
0.70918091,-0.65692628
0.78476985,0.47083407
0.73351703,-0.53031605
0.93458959,0.25236287
0.15081765,1.04811234
1.00821339,0.10274956
0.80954144,0.72203895
-0.63857594,0.69881708
-0.62602276,0.81024341
0.63193565,0.74309174
0.30339847,0.96736756
-0.62165603,0.62466545
1.02255651,0.22593254
0.95672645,-0.45026503
0.30884676,-0.98500813
0.97497132,0.26495765
-0.32105700,0.88691489
-0.07729799,0.85172984
-0.39964274,-0.82604158
0.00250725,-0.96270178
0.96452322,0.34762749
-0.54172345,-0.82646161
0.97020572,0.01099583
0.84709432,0.65800343
-1.05063727,0.12977366
0.59547329,0.69426563
0.74219155,0.75818733
0.57771987,-0.80538814
-0.13823873,-1.16905554
0.13674643,-1.03393566
0.73777813,0.49141759
-1.07745169,-0.15521991
1.01533219,0.09753199
0.64223179,-0.77627649
-0.92614268,-0.46427372
-1.01492986,0.28088182
-0.32593409,0.91496947
-0.72324297,-0.63926638
0.89484111,0.54140162
0.08792744,-1.03083407
0.85800020,-0.42261329
0.20138152,-1.09087969
0.98015103,0.01474869
0.40854323,-1.06634260
0.96905744,-0.50419154
0.97056082,-0.16880869
1.02192498,0.15289109
0.45340103,0.82990876
-0.91220419,0.40661694
-0.31554519,0.77253081
0.30330069,0.89519718
-0.42053131,-0.91704581
-0.00864502,1.04532875
-1.01654148,0.32748627
-0.24035881,-1.06125845
0.23047265,-1.03414691
0.92687023,-0.20726443
0.86786947,0.47594373
-0.28404034,0.90802089
0.63483689,-0.74945015
0.39413992,0.80039270
0.26525270,-0.89524327
-0.48451557,0.96417631
0.78893712,-0.62676646
-0.91811130,0.21316369
0.86045384,-0.61398778
-0.25222846,-0.98292433
0.94139267,0.39513433
-0.49489590,0.87971713
-0.22918775,0.91161435
-1.01429667,-0.03577549
-0.99935230,-0.17496604
-0.13628055,1.00506967
-0.97808440,-0.54307986
0.65165107,0.75081862
0.82531197,-0.60317359
-0.19269278,-1.04239401
-0.16460199,1.02407636
0.49114550,0.70835840
-0.45204995,-0.86053062
-0.90734796,0.15805923
0.22325913,-0.92857648
0.96367742,-0.45586967
0.81578713,0.68425364
0.18224748,1.04189144
-0.83257823,0.11958487
-0.54672662,0.82046953
0.95406950,-0.07482687
-0.83912184,0.59126981
-0.68048582,-0.85926231
1.00408289,0.14330029
0.89603716,-0.52572888
0.83150078,0.54562116
-0.38749280,-0.96635990
-0.65698954,0.73837137
0.08108283,0.95060738
0.16155868,-0.98861398
0.70381775,-0.61095999
-0.42525152,0.76560900
-0.44327620,0.73974384
0.39370609,0.85124241
-0.53883931,0.83764212
-1.05012130,0.12916527
-0.97993704,0.19018007
0.54052643,0.81150053
0.57764509,0.80571568
-0.84373372,-0.61923621
0.50585235,0.72867164
0.69959258,-0.69074705
0.53226747,-0.90610200
-1.04869709,-0.26647229
0.38805539,0.86257680
-0.45941161,-0.77200618
-1.00596739,-0.10151121
-0.89952616,0.38265154
-0.19069835,-1.02598443
-0.13266301,1.02110479
-0.86276053,-0.53418777
0.69328124,-0.70722036
-0.12455090,1.01633965
0.93034055,0.09465891
-0.78411650,-0.50621634
0.02989931,0.97263300
0.99398704,0.50363398
-0.47497091,0.96822123
-0.98894971,0.41612829
-0.27825992,0.85029683
-0.98792494,0.23505971
0.76513816,-0.53899585
-0.70900474,0.75289069
0.08348144,1.07328078
0.85545032,0.60843140
0.97388952,0.17805256
0.57543259,-0.71535979
-0.08080765,-1.04884849
0.13174023,1.06619054
-0.64287436,0.63578887
0.92404414,-0.27010052
-0.57183555,0.85471030
0.57975002,0.76325188
-0.75033529,-0.76256699
1.02809035,-0.15135023
-0.86314048,0.56507114
0.41798948,-0.86211265
-0.09549018,-0.93380828
-0.68443632,-0.69856606
0.16061669,0.97760113
0.77349220,0.71813037
-0.31109492,-0.98914295
-0.47234952,-0.84483326
0.91038252,-0.56418384
0.43982134,0.94840923
0.17116705,0.98108431
0.91529469,-0.37578221
-0.71295134,0.78656909
-0.37929893,-1.00571814
0.82649920,-0.62109528
-0.90007265,-0.21296655
0.98893142,0.05086108
0.40889667,-0.91870520
0.93664720,-0.23404141
-0.34131741,-0.89980179
-0.25330907,0.94777411
-0.91789398,0.39461603
-0.58133085,0.83708778
0.36470075,0.89323053
-0.99406737,-0.16013555
0.61296870,-0.71909583
-0.88563664,-0.44187733
0.36133577,-1.03472957
-0.95674239,0.06717187
0.86378543,0.55000698
0.64826908,0.75500876
0.89672856,0.45033257
0.00962217,-1.01549779
-0.81363749,0.54067544
-0.48153692,0.92286495
0.94061525,-0.49265600
-0.93414551,-0.31853234
-1.03652269,-0.01744985
0.96400602,0.48625677
0.41059019,-1.00409426
0.71766488,0.63040187
-0.56407755,-0.87594508
-0.52226560,0.89394622
-0.80355329,0.56379651
-0.11694678,-1.15093987
0.41121455,-0.98660252
0.86865651,0.61063018
-0.46285922,-0.82416555
-1.00563211,-0.30854966
-0.94071890,-0.31899123
-0.07865483,1.12217541
-0.12075470,-0.96227067
0.82262576,-0.59067728
-1.01512037,-0.41717764
0.91892955,0.34150137
0.98081032,-0.41518172
-0.08771073,-1.03533399
0.49107168,0.87562571
-0.85269393,0.52452206
-0.09570878,-0.89898913
-0.72362703,-0.76617433
-0.51286668,0.85896281
-1.00994304,0.20953686
0.87868851,-0.54698955
-0.35837281,-0.90465537
-0.48690938,-0.86638743
-0.87028440,0.39875288
0.95285347,0.20982397
0.10865259,0.91768625
-1.00715934,-0.09417107
0.43985855,0.98626154
-0.80924212,-0.65664372
0.92533256,-0.20306901
-0.68170427,-0.65653056
-0.95387618,-0.48901085
-0.73470230,-0.65395430
-0.96233559,0.42825057
-0.54025993,0.97272704
-0.41976657,-0.97843311
-0.82493589,0.34107823
0.68078819,0.54812260
0.56915099,0.95888389
-0.76472790,0.52896899
0.13549495,-0.89425510
0.95555602,0.29845858
-0.50749663,-0.80625225
0.62841484,-0.82800852
0.74483914,0.61665796
0.26493737,-0.93037901
-0.56391345,-0.90531910
-0.00320888,-0.94145681
1.10362364,0.34398446
-0.59963485,0.71416822
-0.16739783,-1.03320700
0.25526017,1.03205459
-1.00007510,-0.20855301
-0.59505294,-0.65724632
-0.96418375,0.30485394
-1.05572682,-0.14133056
0.95015772,0.11343207
0.71094410,0.57398756
-0.87043339,0.53401189
-0.29207301,0.84996562
-1.04093754,0.05938005
-0.60266194,-0.82931214
0.18031016,-1.06774007
-0.07191377,0.91001966
0.28499177,-1.04511755
1.03699539,-0.23190559
0.64526773,0.81446647
0.39753175,-0.92650377
0.35707801,0.95480914
0.98108264,0.06350402
-1.05182831,0.23714492
0.94601430,-0.22590537
0.65003430,-0.63808857
-0.86701054,0.53251331
0.54657079,0.89361151
-0.81451159,0.59481897
0.05594171,-0.98418764
0.76538840,0.52744194
-0.95816919,0.27496246
0.53236995,0.79243517
-0.49809312,-0.86578094
-0.89015951,-0.49443867
0.22941933,-1.01456322
-0.03253404,0.97894508
-1.11914046,0.10886133
0.88954368,0.14382419
-0.39038976,-0.96117613
-0.90973846,0.61698219
0.32987132,0.84078950
-0.42177719,0.79132186
0.91533177,-0.53965748
0.54169090,1.00997974
-1.05724048,-0.25145974
0.29642977,0.94875021
0.92443631,-0.29815486
0.73860679,0.61341918
0.92965698,0.09751931
0.73491045,0.65676657
1.04091201,-0.23217430
-0.58839345,0.80033357
0.45096489,-0.94274074
0.79587580,0.68878623
-0.07646334,0.95412385
0.49716505,-0.86475867
-0.91414378,0.38014639
0.65175430,0.70034735
0.00166820,-1.02839082
0.30700628,-0.98829537
-0.16424405,-1.01640530
-0.22469206,0.84864174
0.72810149,-0.78433017
0.89400892,0.40159751
-0.06843539,-0.98270993
-0.62567524,-0.69553741
-0.96910332,0.18729941
-0.94787758,0.29516224
-0.55037756,-0.81625712
0.40863797,-0.82938289
-0.48498704,-0.85989923
0.87174517,-0.23253426
0.64545041,-0.75531111
0.41575410,-0.88023937
1.00596931,-0.34872929
0.74322964,0.48726993
0.01586618,-0.97584118
-0.97186197,-0.31014645
0.95866835,-0.32696097
-0.30325958,0.92787786
-0.32167140,-0.98082737
-0.79145857,-0.50576488
-0.69054354,0.75342913
0.23356650,-1.00265441
0.50860425,-0.87652343
-0.04324165,-0.96215169
-0.50632883,-0.80135716
0.85799785,0.54161653
-0.98931028,0.21854538
-0.31220554,-0.91045709
0.01234178,-0.95083554
0.85449239,-0.60505835
0.99131292,0.01660162
-0.81300058,0.65261436
0.61959492,-0.78163251
-1.10693735,0.12754196
0.67629432,0.82692057
0.95496266,0.38004896
-0.59463100,-0.84559572
0.54453180,0.87991943
-0.94509490,0.36547759
-0.95224515,0.47606435
-0.70385308,0.65555938
-0.98316751,0.47697799
-0.79751021,-0.55204904
-0.05721376,-0.78529847
0.71556395,-0.74190846
-1.00496689,-0.03090067
0.94249042,-0.35581816
1.01359338,0.25031597
0.64949110,0.51687062
0.88906647,0.11307384
-0.00995791,0.94036782
-0.91518280,-0.06158705
1.03316741,-0.17333658
-0.29969302,0.97812479
0.72582494,0.57603177
0.34132098,0.95266678
0.74512063,0.47854725
0.37899341,0.91558667
0.18227875,1.05935488
0.24106900,1.09137762
-0.99373408,0.26241026
1.05581750,0.26786496
0.26146257,0.97521295
0.99553108,0.00680287
-0.35757312,-0.93098337
0.01259133,-1.16653459
1.16110420,-0.05130780
0.53701903,-0.84143386
0.45372185,-0.89735093
-0.01792382,1.02142994
0.56053732,-0.70312757
-0.32022592,0.91714984
-0.46231002,-0.85935539
-0.90746717,0.38203933
-0.96530292,-0.25760992
0.46842615,-0.76832950
0.54329222,0.84289612
0.88586729,-0.58546970
-0.81191937,-0.58194765
0.82132713,0.69251392
-1.00899762,0.08741070
0.88738588,-0.22558926
0.73249888,0.73910690
0.89909112,0.13590314
0.90615143,0.31648581
0.24748696,-0.94537052
-0.06906636,0.93270818
-0.91903334,0.47480646
-0.97579982,-0.05366321
-0.53906750,0.93019151
0.29251903,1.00496680
-1.00614015,-0.06424965
-0.64616779,-0.69813127
-0.18095139,0.95467613
0.43865548,-0.92554821
-0.95152663,-0.23044978
0.83931660,0.76937742
-0.54280087,-0.90458753
-0.75273039,0.80483974
-0.68367643,-0.64519484
0.19385483,-1.01112969
0.93334890,0.21381166
-0.79046016,0.42724184
-0.90466783,0.52852545
0.18526498,0.95120069
0.26634383,0.96055818
-0.36885045,0.95185067
0.58546981,0.82960829
0.94091751,0.45891575
-0.12025781,1.07649946
-0.19541655,0.90698440
-0.58130408,-0.87948482
-0.64165986,-0.69754525
-0.68635194,0.71063919
-0.73404229,-0.77760674
-0.04843250,1.02018976
-0.93848291,0.27259202
-0.53449720,0.88913022
0.92742341,0.48929880
-0.56546335,0.91311386
0.56947421,-0.84729075
-0.30017435,-0.94806503
0.45614961,0.96836818
0.76909092,-0.57240392
-0.27468757,-0.98981813
1.00022564,-0.20697955
0.31138546,1.00469027
-0.91887423,-0.45684567
-0.45451951,-0.90601122
0.94758362,0.08249847
-0.78202785,0.49430917
0.28934243,-0.98566980
0.54888896,-0.79697885
0.87917789,0.56507222
-0.24583406,0.90135430
0.37582271,0.94910259
-0.82192122,-0.51546978
0.61867172,0.97480540
0.52909177,-0.97725947
-0.68260545,-0.81664878
0.44847947,0.94274454
0.09304760,-0.81696677
0.68822768,0.67384486
0.46616924,-0.96871612
0.21117004,1.06990378
-0.96575546,-0.02981783
0.85217835,0.16092809
-0.32121977,0.82606918
-0.00288379,1.02255455
0.96120511,-0.22888475
-0.26498187,-1.04266342
0.49450315,-0.90251368
0.09179017,-1.01885644
0.89292596,0.53495681
-0.89460381,-0.38830916
-0.44941051,0.89288151
-0.68865619,0.69979194
0.72894201,0.67973942
-0.05536281,-1.03823862
-0.33525491,1.01562026
0.37739702,0.93260018
0.94054070,0.16627195
-0.07630709,-0.95227783
0.67446813,-0.68011046
0.81005765,0.66742825
-0.08957389,1.00095171
-1.07753176,-0.16021723
-0.29041727,-0.98838388
-1.00791785,0.04788411
-0.03827008,-1.05831027
0.33598197,-1.02352172
-0.94370189,0.46616327
-0.29073531,-0.85919452
0.05471943,-0.97457070
0.76334031,0.68653464
-0.97743663,-0.17201099
-0.24434130,0.77329435
0.01683869,0.99411702
0.82707188,-0.57805227
0.92073389,-0.57524299
0.68178241,0.74002750
0.52445198,-0.86376464
0.01253314,-0.97434518
-0.69894715,0.61112415
-0.71251016,0.70531632
-0.71952653,0.85529373
0.69857945,-0.61877451
-0.94623979,0.51845425
-1.10453362,-0.04271206
-0.63791602,-0.63656247
0.59442407,0.69733831
0.93640047,0.13425911
-0.12019710,-0.92813121
-0.73590740,0.60879911
0.28424955,-0.92824126
0.50864857,-0.80796875
0.86660489,0.54328360
-0.02618423,1.07112752
-0.51081280,0.81521049
0.76110724,-0.56973293
-0.08026288,0.99247390
-0.98431353,0.35788534
-0.64635478,-0.67255464
0.99668019,-0.28718257
-0.58300031,0.74273350
0.96140279,-0.14010435
0.19409257,-0.97797348
0.38964889,-0.91616849
-1.02130839,0.25189726
-0.10515839,-0.98235803
0.94037982,0.35810178
-0.65409884,-0.82823721
-0.64506930,0.66603260
0.20735116,1.04090377
0.81685986,-0.69207299
0.93178516,0.25329663
-0.83045520,0.67914460
-0.96042028,-0.05329944
0.90645001,-0.12339568
-0.60992380,-0.67628011
0.69472890,0.87438987
-0.85888973,-0.45517703
0.25663891,-0.97946727
-0.29793901,-0.82409431
-0.98218199,-0.34400611
-0.20604928,0.88675244
-0.75992753,0.53511294
0.61162834,-0.54945845
0.89683331,0.29347702
-1.03115027,-0.18939237
-0.04987245,0.91377118
0.30497407,1.02914534
0.33631630,1.05843524
0.20410788,0.97730965
0.63827177,-0.63341401
0.98506256,-0.04278236
0.35378831,-0.94375042
0.86723387,-0.18339294
0.54614120,0.75146098
0.97910874,-0.24190085
0.13105957,1.02430478
0.17428663,0.83722479
-0.44246138,0.88735761
-0.89049302,0.45675375
0.71994859,-0.77723993
0.49438951,-0.90233241
0.70935667,0.81681546
0.29194688,-0.96181518
-0.59933376,-0.73065630
1.11110515,-0.17175798
-0.53201718,-0.86710126
-0.83962958,0.57515826
-0.93905883,0.16243027
0.96965849,-0.49914973
0.99952591,0.09825819
0.97223065,-0.30811820
-1.03026669,0.12793538
0.76496200,0.61259217
0.75598365,-0.52001993
0.44843284,-0.83801709
-0.30717571,1.06403710
-1.00638670,0.29116348
-0.33706346,0.88420232
-0.46508636,0.85267399
-0.34735555,-0.86676391
0.49619424,-0.84860566
0.40531170,0.87856104
0.43524602,1.01679007
0.39989316,0.94253517
0.48835280,-1.00333243
0.64392787,0.64215399
-0.93273900,0.35552303
0.53355631,0.70337066
-0.43511921,0.73121192
0.74394415,0.61685270
0.19106400,0.88475405
0.36378305,-0.94402477
-0.50261206,-0.78131992
-0.67149489,-0.85727727
-0.69569617,0.86431762
-0.36743305,0.82255764
0.98823785,0.28601503
-0.75663835,0.63139320
0.49596605,-0.91202749
-0.11228332,0.93200318
0.19090018,1.08113860
1.06531726,0.06295948
-0.05583948,-0.98226286
0.62249139,0.68849850
0.42747346,0.72254793
0.95205315,0.42922700
-0.80324723,-0.59660269
0.55221294,0.73536777
-0.47875803,-0.79978040
-0.94338525,-0.69581574
0.82851362,-0.36776622
-0.55633780,0.83006880
-1.06442102,-0.17769766
1.02144672,-0.54759395
-0.82284420,-0.63114706
-0.21299853,-0.98467178
0.55806270,0.73226338
0.89745653,-0.51223155
-0.88764089,0.40583976
-0.48146732,-0.80451315
0.17519110,-0.89276390
-0.56385771,0.92526073
1.07684461,-0.09934947
-1.11664777,0.28365726
0.18419988,-0.95636338
-0.82136916,0.17444678
-1.08391510,-0.19728444
-0.96704312,-0.40940148
-0.80975228,0.77926564
-0.77222528,0.53544794
0.91434563,0.36768601
0.00302629,-1.08337293
0.58536507,-0.76394951
0.93606566,-0.38981078
0.98595645,0.06217224
-0.46602611,-0.90179606
1.03429415,0.16274135
-0.43256071,-0.83519911
0.99157278,-0.43656340
-0.97940281,-0.05239877
0.75557512,0.65065679
-0.84776624,-0.55326687
0.66725700,-0.84367935
-0.82048355,-0.54103367
-0.84432204,-0.62343606
-0.95152336,0.03493436
0.21069903,0.89767250
-0.89615396,0.27367795
-0.51716265,-0.89736678
0.98639684,0.04751879
0.74036387,0.72282606
0.45072860,-0.79986955
-0.06108084,0.97035632
-0.72702790,0.67418817
0.78249624,0.73592617
0.66340736,0.76936080
-0.91070536,-0.38426579
-0.93352691,-0.18382031
-0.77522878,0.46186535
-0.77093315,-0.56968897
0.70204368,0.80689412
-0.92068790,-0.33560199
0.76244371,0.61374624
0.13364817,0.97820588
-0.75975593,0.87168696
-0.01925827,0.97123579
-0.49796101,0.77364144
-0.89375218,0.14977703
-0.47673978,-0.70948455
0.79300687,0.67351368
-0.71105283,-0.67772626
-0.51205485,0.80615287
0.09188235,1.02899382
0.72160934,0.70844043
-0.91851661,0.17175128
1.03262342,0.10521711
0.37856761,0.94031692
-0.48415978,0.76753966
0.96823819,-0.09002553
-0.94309158,0.33568951
-0.89888475,0.18716092
0.84877094,-0.78564485
-1.00109595,-0.37176872
-0.70437188,-0.90368232
-0.56186174,0.72508356
0.72091832,0.64931145
0.29325178,0.99965916
0.85968791,0.44371204
-1.07632775,-0.28246664
0.82198351,0.49437481
-0.94350638,0.31984179
-0.06101727,0.93476790
0.85071126,0.01770443
-0.36838022,-0.88450538
0.99370293,0.16252910
-0.87776816,-0.28246378
-0.86666001,0.42888759
0.63911374,-0.85483680
-0.87883077,0.65847424
0.65309525,0.79982954
-0.87375510,0.57691298
-1.05013491,0.22548258
0.86961183,0.47907545
0.15351423,0.94498037
0.37948170,0.91625537
0.24180011,0.98297725
0.30886237,-0.89177281
-0.35201712,0.94616901
-0.43134460,-0.91063603
1.04967173,0.12068097
0.91141661,-0.00703258
0.69565466,-0.85555330
-0.91275556,0.38865564
0.85474316,0.39659552
-1.03060337,0.18044976
-0.50360297,-0.89151591
-0.31418816,0.98014810
0.92247634,0.03408184
-0.36967141,0.98566615
-0.69645376,-0.63556255
0.79035871,0.43450027
-1.04105991,-0.06690239
0.27873077,-1.03420476
-0.65648057,-0.83688908
0.17754143,-1.00218802
0.06192744,-0.91293154
0.71385870,-0.77633563
-0.86433200,0.50993180
-0.49380219,-0.90353022
1.16189359,-0.26542002
-0.39400059,-0.94470313
0.90120809,0.00600162
0.84287708,-0.31326353
-0.58490133,0.68871323
0.61741055,0.68190894
-0.19578025,1.02529556
0.79495258,0.73477922
0.74359080,0.54993099
-0.89739143,0.42773026
0.99289314,-0.41441012
0.88530703,-0.37830400
-0.63281868,-0.77314185
1.03021810,-0.17410106
-0.28872070,1.04500385
0.56980309,0.78041450
0.83231976,-0.48876161
0.68901043,-0.60567354
-0.28158256,0.99783283
-0.04763583,-1.11657369
0.63476672,0.77764799
0.85762433,-0.36386532
-0.25875798,1.04011785
0.33840706,1.00817429
1.11273852,-0.14094276
0.99404984,0.33526184
0.05198090,1.02973026
0.92696285,0.03369810
-0.94800040,0.30414942
-0.71353890,0.62425385
-0.78539163,-0.60382243
1.03583806,0.24033136
0.89585693,0.12320608
-0.65253094,0.62991400
0.75179854,-0.48593219
0.74062021,-0.56445000
0.50180086,-0.88083962
0.64217798,-0.80995520
-0.91708861,0.27541745
0.00439726,-1.05769708
-0.58217902,-0.76299653
0.46925941,0.93581917
1.00082744,0.40724719
-0.24217906,-1.06089717
-0.89539765,0.37552025
0.82096118,-0.61825746
1.01276220,-0.16355892
-1.05797618,0.09164124
0.72511825,0.58564503
-0.44218261,0.81666822
-0.97915824,0.26938992
0.04900081,1.03642863
-0.83144776,0.60052077
-0.48100876,-0.86290328
-0.06210633,-0.88004645
-0.29612816,-0.87258962
0.65762974,0.76030137
0.89898734,-0.22346439
-1.01327648,0.27915879
0.92131119,0.12224827
0.43619669,-0.94105065
-0.32917903,1.01635539
1.04123969,-0.02160705
0.55951799,0.79035454
0.85939553,-0.75083320
-0.00577302,-1.00180528
0.92450415,0.44771632
-0.32949227,-0.91088530
0.91954429,0.53326578
0.80897674,0.74775838
-0.38478128,0.99717238
-0.24459489,-0.99359178
-1.01619019,0.25866265
0.83914913,0.39454684
0.76196583,-0.60237772
-0.60239117,0.85567518
0.66593192,0.51834236
-0.68991403,0.57130407
0.62191915,-0.79378953
-0.98960578,-0.25724464
0.58097567,-0.76566399
0.57293911,-0.79096658
-0.32632650,-0.99195759
0.80301200,0.68290733
-0.04463521,0.95414887
0.37573957,0.80444317
-0.96078538,-0.27315528
0.21189125,0.92427241
0.30467869,0.93053283
-0.93063298,-0.22758280
-1.09156659,0.22311591
-0.92585468,-0.18239391
-0.45021543,-0.87995803
0.49796268,-0.98531153
0.60613201,0.64361208
-0.99438101,0.06944062
0.05159478,0.91139205
1.07216124,-0.33374923
0.85051294,-0.53829969
-0.52983914,0.83508140
1.00239053,-0.11475763
0.82871695,-0.63799914
0.37669729,-0.96822838
0.80502794,0.57363424
-0.07651706,1.06369997
-0.66347561,-0.76457001
-0.21193622,1.07420953
-0.03500523,0.93732410
1.00776395,0.05404604
0.84107218,0.65375819
0.95329800,-0.49749721
-0.19220155,0.96164536
0.35498184,0.99392907
-1.04185377,0.18207364
-0.62094255,-0.94256138
-0.32140230,-0.94781295
0.20170358,-1.02943353
-0.73344763,0.68635736
1.01351884,-0.10383567
-0.28224323,-1.00692345
0.43508108,0.86885296
-0.16682703,-0.94364769
-0.27206403,-1.08184399
-0.44494851,-0.83255456
-0.50637505,0.91333912
-0.83401676,0.67308177
-1.06399345,-0.13360295
-0.76579256,0.61472026
0.52359642,-0.78275270
0.93670324,0.55480680
0.68995260,0.70076362
0.71729882,-0.70062211
0.88660121,-0.30125885
0.95224359,0.10092981
-0.31846137,0.87870144
-0.23074446,-0.95330771
-0.59954844,-0.63721177
0.48414700,0.97655472
-0.37856867,-0.90685642
-0.92723047,-0.58952935
0.53920713,0.92876647
-0.03929392,-0.96597796
0.73693598,-0.64385365
0.69311749,-0.63997850
-0.12509607,-0.97430728
-0.86047543,-0.49905725
1.02810867,-0.03236481
0.36358101,0.96200462
-0.81335908,-0.62091833
-0.89372766,0.28612651
0.88030940,0.01796602
0.40584761,0.93481927
-0.80862575,-0.52168611
0.63874081,0.78407742
-0.71692884,-0.63111789
1.00526307,0.06820070
0.44763195,-0.80593458
-0.18907779,1.04647490
0.20675828,-0.95223174
-0.67848081,-0.79364629
-0.58104023,1.01563455
0.05059009,1.05820684
0.74731589,-0.63762391
0.61537165,0.80702351
-0.51900334,-0.86377771
0.65012605,0.75499940
-0.66628758,-0.78393914
-0.99723031,-0.11781373
-0.95207175,0.28744604
1.04935561,-0.03042956
0.70905862,0.77190090
0.94382829,-0.53601671
0.99542492,0.32831937
1.02701158,0.18695462
0.83028041,-0.79458837
-0.63513884,0.66637897
-1.03323188,0.06731592
0.82125019,0.59142156
-0.51744022,-0.90244191
0.90454795,0.38039346
-0.89766995,0.35143138
0.20366472,0.88808228
0.93631480,-0.23758294
0.84062353,-0.30020660
-1.00973492,-0.40167184
-0.87020297,0.41666675
0.95156252,-0.02709980
0.88686541,-0.59183832
-0.95163662,-0.35468696
0.96322704,0.21765846
0.00943814,1.06159054
-0.31394151,-0.92094676
0.30303779,-0.82175799
0.43662208,-0.91475650
1.03917112,-0.31663390
0.23713084,0.89963588
0.77988229,-0.56103274
-0.88529268,0.56863986
-1.07072527,0.00303371
1.01346914,0.35566994
-0.95493731,0.09440383
-1.01598450,-0.36978288
-0.58114472,-0.77292719
-0.98289286,0.17641871
0.58577378,0.85547819
0.77925492,-0.60088329
0.46065896,0.86885271
0.95507018,-0.12903074
-0.28364798,0.90711998
0.12632450,-0.94677054
-0.12085521,0.93531411
0.05558246,-0.99821932
-0.90287996,0.50335500
0.64620615,0.58547910
-0.95330453,-0.24537531
0.88665414,0.43617608
0.08285391,-0.94125489
0.38333068,0.95026463
0.73619335,-0.59586242
-0.03020964,0.97434349
0.75923412,0.55067196
-0.46611597,-0.95557299
-0.19181840,1.00083210
-0.97081271,-0.53957229
0.96766633,-0.54871471
-0.94242077,0.39903944
1.02596035,-0.16925218
-0.60867544,-0.78685175
-0.56769853,-0.87200875
0.86623071,0.16444035
0.71957786,-0.66847661
0.75079264,-0.72980384
0.93962087,0.33079197
-0.49376175,-0.76247896
0.76153009,0.52349347
0.75180846,-0.47812670
0.02489727,-1.10269216
1.05879948,0.10106542
0.46383815,-0.96685354
-0.88787517,-0.44994229
-0.60384304,-0.71551012
0.48495385,0.71715624
0.98974376,-0.24527692
-0.84208502,-0.36691496
0.03738807,-0.90410197
-1.05681924,0.18516762
-0.99632538,-0.40072326
-0.85134015,0.46520952
1.05977942,-0.00321909
-0.48502196,0.87492558
0.98365329,-0.05995826
-0.56065511,-0.72414018
1.00063261,0.15976586
1.05389100,-0.12299836
-0.17333126,-0.97327933
-0.50985740,-0.89220641
0.56077500,0.88064719
0.77811299,-0.62772560
0.43738153,0.81331087
0.99027200,-0.14137938
0.97019123,0.03886138
-0.42897144,-0.89472693
-0.09441943,0.96942130
-0.43121672,-0.84054808
0.62575876,-0.71994827
-0.96021422,-0.19956592
-0.18134141,-1.03745535
0.11745675,0.96527444
0.47703291,-0.89642181
0.93736672,0.47246411
-1.13263926,0.02899834
0.45072651,0.98967575
0.37823521,0.83401339
0.75877830,0.54829430
-0.16401002,1.00653138
0.52577376,0.86971687
0.74069081,0.61148176
0.56959715,-0.93169342
-0.88905586,0.05697819
0.60723389,-0.65967286
0.08968408,-0.92978885
0.35824618,0.99851147
0.04839972,-1.03720701
0.48790728,-0.90330009
0.84979170,0.65731553
0.97412133,-0.32180410
0.76229994,0.56399563
0.06722431,-1.07758297
0.34052310,-0.95892809
-0.69387800,-0.63548022
-0.65384038,-0.76108720
-0.48126881,-0.77701415
0.74309776,-0.75575315
-0.97021727,0.25192311
-0.15382117,0.86903111
-0.49880301,0.93872078
0.85154731,0.58821937
0.84839869,0.43511187
0.01821043,1.02097830
-1.02624749,0.02121744
0.91148458,-0.38844210
-0.64964826,-0.75628016
0.23061510,-1.01139830
-0.07150389,-0.97424446
-1.00493395,-0.15893281
-0.66665391,0.86711534
0.58588417,0.78511885
0.44722482,0.84658229
-0.87590348,0.48984775
-0.58446845,-0.89856891
0.96569762,-0.04773854
-0.80423081,-0.54319011
0.85349186,0.45983233
0.88502166,-0.62459666
-0.61408806,0.89897885
0.12044571,1.03761388
0.95009092,0.46917682
0.59312961,-0.68999946
-0.90108753,0.33925307
0.08132793,1.03297027
-0.33135686,1.05639332
0.27947059,-0.83615731
0.46621338,-0.91554497
0.84687591,-0.46772442
-0.68747028,0.66191656
-0.91870587,0.43131376
0.71799060,0.59747392
-0.26420620,1.02687623
0.81216409,-0.55635569
0.62632517,-0.77034327
0.30947722,-0.85827183
0.60391298,-0.75600682
-0.91171309,-0.06546981
-0.50178577,0.95317344
1.12526666,0.27713368
0.06949288,-0.97332075
-0.40252591,-0.93339994
0.38510615,-1.05093511
-0.65665831,-0.63750443
0.98878836,-0.38756850
0.76999279,-0.58374562
0.22333136,1.04635799
0.94437546,-0.33523320
-0.44362588,-0.98252522
-1.07130254,-0.05160382
0.68028444,-0.63219266
0.26488437,-0.93580446
-0.73878962,-0.70699824
-0.87501415,-0.51498791
-0.62467847,-0.79070781
-0.87831550,-0.52977863
0.95232854,0.36976658
-0.93705061,0.25717180
0.15996671,-0.99313864
0.97528934,0.04246115
0.35227813,0.85024276
0.55418859,-0.87053484
0.18095178,1.10196416
0.91456027,0.34412831
-0.66367328,0.87103150
0.85805599,0.66487957
0.86677042,0.46378225
0.93075619,-0.40500005
-0.68433663,-0.66551627
0.53043549,-0.91568534
0.88156989,0.51106219
-0.55980542,-0.87672950
0.85881666,0.32946623
0.96917813,0.21542509
1.05071555,0.30328715
0.02158718,1.03570198
0.29461814,-0.97095235
-0.19836875,0.89324498
-0.35295583,-0.96532291
0.01464895,0.99263675
0.19961203,0.95667516
0.08491979,1.00822290
-0.41963216,0.90015634
0.06415075,-0.94581651
0.45446329,-0.90987963
0.21110341,1.02146362
0.41712510,-1.03865426
0.36366729,0.97156561
0.87704318,-0.38895506
0.55296650,0.94900823
0.75193835,-0.79031677
0.86379043,-0.41046936
0.33611661,0.95484842
-1.01776003,0.06918023
-0.57254905,-0.95146473
-0.94659956,0.31829987
1.09894635,-0.11695697
1.02883218,0.07244459
-0.89359083,0.40811105
0.90145058,-0.46597079
-0.62401434,0.62020254
-0.14465665,-0.96374660
1.04443774,0.01888346
-0.98693758,0.03640472
0.80595203,0.56404005
-0.83614021,0.26632071
0.68901652,0.76006152
-0.87327659,0.11040529
0.44258640,0.85120629
-0.05106878,-1.02920811
-0.96133086,-0.03258387
-0.48596293,-0.93168217
-0.24898709,-1.02845634
-0.84536628,0.59112296
0.96775730,0.10209307
-0.07117301,-1.02521437
-0.55205947,0.77064867
-0.95551112,0.13911102
-0.88106600,-0.47322792
1.02031512,-0.17662220
0.29155236,-1.06420011
0.54617112,-0.71183258
-1.07458689,-0.01646062
-0.72984995,-0.42991555
-0.41775981,0.77049822
-1.00714476,0.46348512
0.03937305,-1.06053271
-1.00661461,0.12507307
0.59331672,-0.84267618
-0.88530450,-0.50124903
0.16203432,-0.81931917
-0.76853066,-0.70607737
-0.65183474,-0.73544241
-0.80065275,0.26360276
0.08346609,-1.00492615
0.33369939,0.95628574
0.72506437,-0.85168689
0.41386028,0.95460174
-0.87628917,0.44987789
-0.92092439,-0.44866499
-0.01409971,0.97618432
0.93802169,-0.41996407
1.07891952,0.14194151
-0.26385509,0.95869692
-0.72555353,-0.47244290
-0.83844869,0.50605985
-0.90196627,-0.11035968
0.92936919,-0.10249009
-0.19047024,1.07764366
-0.05696707,1.03875364
-0.25389323,0.94747439
0.08460656,0.99376299
-0.92625969,0.51905128
-0.91070918,0.46156648
-0.19151737,-1.08196102
-0.28969192,-0.93807401
-0.32968613,0.95470195
0.99546016,-0.08060105
-0.09052759,0.96293402
0.41790151,-0.89718197
-1.01643321,0.12578610
0.87714628,-0.62810464
0.02046790,0.87024439
-0.66826136,0.73521975
-0.29043553,1.03274425
0.32293379,-1.07577774
0.74899011,-0.69221018
0.37497711,0.92035553
-0.85431665,-0.48751258
1.03388561,0.24390435
0.11451853,-0.97188419
-0.05206810,1.10428106
0.81476073,0.54813690
1.04022575,-0.04954434
-0.22055690,-0.97283997
0.11041907,0.89377401
0.45092509,-0.93677041
0.98118673,0.25667528
-0.74756654,0.82429590
0.41781725,0.79057402
-0.86477488,-0.23101971
-1.01297884,-0.42529186
0.05861525,-0.94982889
0.83029753,-0.42419320
-0.51881410,0.74025099
0.89010817,0.30125532
-0.90104795,0.48664142
-0.42859246,-0.97863875
-0.87883546,0.18236422
-0.11327249,1.05134471
-0.65718716,-0.68826008
-0.89409989,-0.30930436
-0.91084765,-0.50623308
0.96880537,-0.29265412
0.62511934,-0.77241833
0.82945116,0.61702473
-0.05883365,-1.02784517
-0.65709798,0.77613880
-0.73117446,-0.78133545
-0.78296568,0.52860092
0.92372076,-0.16961409
0.30350467,-0.90058874
-0.36580346,-0.90625517
0.04051762,0.93312668
0.71706558,0.70802969
0.71290050,0.70269519
-0.98151316,-0.46720268
-0.70456805,0.59786779
1.06086279,-0.15171855
-0.89810838,0.52418534
0.34084513,1.09576874
0.92314641,-0.27202624
-1.01635950,-0.08578843
0.28506474,-0.94677437
-0.02093858,0.96143872
-0.98449243,-0.27705461
0.02549047,-1.06230219
1.14283861,-0.14049368
0.93484195,0.30632624
-0.93517935,-0.37847969
0.22846339,-0.98281275
-0.27676298,1.01705605
-0.71677621,0.74243838
0.08020292,1.03462135
0.48178159,0.96787195
-0.42233386,0.90902342
-0.28307217,-1.00350625
0.27876011,1.10130591
0.53635333,-0.87629291
0.31886239,0.91252515
-0.87613854,0.47608213
0.89684347,-0.42113009
0.23668604,-0.97170980
0.86211772,-0.56571527
0.83978205,0.24467710
-0.37044417,0.90471598
0.12602874,0.96384245
0.38688524,-0.82469195
0.81630911,0.24232770
-0.16937453,0.90656123
0.52766336,-0.91752751
-0.63592171,0.68902479
-0.30006108,0.99485767
-0.45727466,0.86625608
-0.74131935,0.74979344
-0.52460798,-0.95352993
-0.65508259,0.90134381
-0.62459897,0.68996990
0.32718963,-1.04368341
-1.06306568,0.14083880
0.65721465,-0.70979957
-0.41823997,0.90981425
0.46074434,0.84946800
0.39002683,-1.03702300
-0.64482890,0.97350101
-0.44307838,0.80401551
0.62806348,0.71924051
0.65544636,-0.73590919
0.89970608,-0.32718287
-1.00846016,-0.38147627
0.95357336,0.25193890
0.63621257,0.79952763
0.86851352,-0.22691691
-0.84264619,0.34509392
-1.03262876,-0.08032606
-0.84627505,-0.07565467
-0.56381750,-0.87044890
-0.97647284,0.05607987
1.04219229,-0.24528701
-0.31958228,-0.96093394
-0.18505132,1.03842830
0.12833958,-1.00999299
-0.47620283,0.82956599
0.95716961,0.22892235
-0.97919093,-0.20964259
-0.93775584,-0.33502378
1.07388875,-0.05632412
0.95228432,0.16455349
-0.57105950,0.91104770
-0.04855472,-0.94849422
0.03803612,0.92588304
0.53054407,0.78887076
-0.61107821,0.72101214
1.04531541,-0.35747282
-0.99610475,-0.31259726
0.99633753,-0.09977091
0.99124912,-0.01561774
-1.00175361,-0.33085602
0.17101849,-0.94360543
-1.13901529,0.02180777
-0.95131689,-0.44449792
0.98769859,-0.41037873
0.72650986,-0.82136586
0.08086450,-0.97972910
0.31185870,0.95893595
0.57847612,0.77919125
-0.28098760,-0.98316910
0.70556820,0.70314937
0.07922844,0.87659806
-0.87308282,0.53195587
-0.29476307,0.88981227
-0.85973070,0.46639039
-0.03496479,-1.13453050
0.30760148,-1.06080029
-0.66091512,-0.66575223
-0.95494288,-0.30274323
0.69956199,0.73819574
1.02374734,0.41951265
1.11766870,0.19926164
-0.49159959,0.88957341
-0.95961603,-0.26147701
-0.18952679,0.97796775
-0.03056243,-1.01669559
-0.54666276,0.70293720
-0.69668546,-0.76413353
0.38896262,-0.87484887
-0.82864812,-0.71517940
0.58238804,0.86471876
0.44147372,-0.93877657
-0.39417376,0.93101520
0.93740087,-0.29219235
-0.72077521,-0.73701711
0.99431969,-0.21647324
-0.06153929,-0.89259790
-1.03154095,0.30263565
-0.12279811,1.02621864
0.01000439,-1.06798539
-0.83376862,0.67103160
-0.42549580,0.80557890
-0.62661479,-0.78408971
0.98784144,0.17275142
-0.97031997,-0.00717762
-0.72425187,-0.59787951
0.32309080,-0.89113083
-0.53496674,0.77588762
-0.29736254,-0.88761727
-0.57840706,0.79188897
0.89943531,0.04399957
-0.85026976,-0.61666410
-0.77114629,0.83493145
-1.01768082,-0.09974365
-0.34712350,0.92836578
-0.09589740,-0.86996552
0.06822398,0.93027803
-0.14956928,-1.03404308
-0.97334381,-0.27377891
0.42623292,-0.89000735
-0.00082999,0.88911739
0.25766117,0.88152153
1.03562925,0.06375138
0.57269968,0.73855187
0.72567185,-0.74529631
0.98783637,-0.16603957
0.66663900,0.64291458
-0.15672992,1.11515956
-0.85225487,0.11529749
-0.92678325,-0.20230873
0.04503379,-0.95915246
-1.02086986,0.10654831
1.06147852,0.13772883
-0.94719889,-0.53852472
0.72795115,0.72607700
-0.42440840,0.91779318
-0.46724017,0.91847528
-0.21708194,-0.87965373
-0.90670887,-0.34939333
-0.15488341,-1.04539236
0.45997627,-0.88419770
-1.03570308,-0.09177331
-0.11360591,1.00163617
-1.01332711,-0.29038591
0.95487419,-0.19775822
0.37034029,-0.87338931
0.83743802,0.33260048
0.60755463,-0.62829728
-0.60119333,0.78365118
0.78228056,-0.60397184
-0.21544534,-0.98443041
0.68774770,0.57990502
-0.61777086,-0.75104163
-0.64953163,-0.74450671
-0.21493208,1.03494513
-0.60974824,-0.84286529
1.00614528,0.06176518
-0.95436347,0.05573623
-0.57398549,-0.83139139
0.76097736,0.69163259
0.41313164,-0.94290475
0.28343961,-0.95575611
0.74966441,-0.52373842
1.06318923,-0.18473143
-0.29458273,1.01081649
0.88916357,0.39590496
0.72184816,0.52001996
0.80329947,0.50520931
-0.09426200,1.06450249
-0.87038495,0.43987676
-0.59428020,0.77088623
0.91666145,-0.50928229
0.19627315,-0.99321149
0.76683911,0.62420533
0.93281936,0.26092107
-1.00486124,-0.29524456
0.27210620,-1.01980319
0.79838269,0.66563273
0.11948268,-0.88135897
-0.68994982,0.85065234
-0.07059170,-1.09990638
0.97492423,0.29916284
0.02383013,0.94843726
-0.02923315,-1.05436684
0.88520402,0.68025104
0.97316850,-0.13457352
0.90313583,0.52551848
0.83169367,0.55398771
-0.86082888,0.36967264
0.78242926,-0.56896886
-0.63054458,0.87345224
0.74842351,0.84170982
0.70813755,0.54826573
-0.89066392,-0.50291347
0.74906002,0.45615467
0.49776131,-0.80635733
0.42954398,-0.96497027
0.36892667,-0.83655932
-0.43934010,0.93505701
-0.73137829,0.65572428
0.08940894,-1.02014121
-0.03771817,-0.93477327
-0.88134102,0.70371248
0.00643002,-0.94539083
0.90230667,-0.30090218
0.39052004,-0.81052453
0.47083981,-0.98556206
-0.67300986,-0.75654495
-0.74344123,0.68699474
-0.47777104,-0.98536040
0.45864423,0.80116276
0.80161480,-0.45864435
-0.51996197,-0.85555206
0.15776092,0.92730964
0.79792675,0.50379433
0.51034189,0.86074139
0.94518193,-0.27459662
0.29939639,-0.97726652
0.74458061,-0.57530535
-0.69085389,0.78123875
-0.11520668,0.97099175
0.32269892,0.88768864
-0.53610192,0.84309633
1.01965210,0.13244585
-0.88187902,-0.47813577
-0.84734446,0.58915062
0.45828923,-0.98271386
-0.84095354,0.54846113
-0.90693450,-0.04627430
-0.22714143,0.99140080
-0.15051785,-1.03205088
-0.49567935,0.87398672
-0.94881215,0.25498995
0.39918734,-0.83504644
0.04382980,-0.98569180
0.25150185,-1.00877192
-0.85570888,-0.47781828
0.75297472,0.79222959
0.93489815,0.58840173
0.60540073,-0.66221157
1.12844088,-0.13698202
-0.60578997,-0.71575928
-0.06581346,0.98427280
0.32544363,1.12028069
0.07466549,1.09720673
0.90503370,-0.58362786
-0.60237463,0.69466724
-0.25468233,-0.98189196
0.94134191,-0.42538411
0.77019037,-0.49835745
0.78106837,-0.66218405
-0.51869650,0.78899351
-0.25513004,1.02926229
-0.17894940,-0.97450340
0.81211010,0.46932169
-0.46403415,0.99043211
-0.39317438,0.96809629
0.50782757,-0.97436431
0.89441291,-0.03068610
-0.28460998,-0.95707187
-0.58444701,-0.79133492
0.11469308,0.88869652
-0.82563390,0.52092269
-0.96720983,-0.25009760
0.33018404,0.92477411
0.15716088,-0.97765153
-0.91287631,-0.12309684
0.74767698,-0.72967378
1.05808391,-0.23511562
0.36038770,0.81993931
-0.77362855,-0.58632655
-0.23666985,-0.96233779
0.29922792,0.85815592
-0.87706037,0.32567007
-0.41021011,-0.92023624
0.66636299,0.67092153
0.71874964,0.50458657
-1.02476169,0.26060762
-0.87034784,0.41009478
0.34648691,-0.95710122
0.72141972,0.64739040
0.08384109,1.04939196
-0.98060633,0.01947553
0.24108268,-0.85761775
-1.06073906,-0.01299351
-0.52130087,-0.86987285
-0.12258365,0.93763982
-1.14202277,-0.05515729
-0.83402319,0.69427939
0.83060823,-0.46704137
-0.80634127,-0.58391093
-0.95527575,-0.18114893
0.88964561,-0.27460985
0.62766679,0.80967777
-0.68924047,0.73466207
0.98731405,-0.37048029
0.93896180,-0.22336412
-0.57621605,0.84344487
0.48361897,-0.97143530
0.84347135,-0.22972878
-0.54538687,0.80225244
0.81266349,0.51407543
0.09527882,1.05418309
0.85926662,-0.02065488
0.39443846,-0.89251343
0.81342166,0.58224393
0.60600415,-0.69121343
-0.10506959,0.97000931
-0.18495739,0.88625716
-0.40289594,-0.85156388
-0.07072066,0.95664216
-1.00591367,0.35323965
0.73473086,0.79936868
-0.00176339,0.99624768
-0.51444993,0.85134085
0.66899027,-0.54968424
0.24465762,0.84605504
0.99875318,0.10309420
1.00075663,-0.33025021
0.09939216,0.98190355
-0.72574431,0.62598988
-0.73657734,0.62693773
-0.74629354,-0.71529311
0.95532720,-0.52136837
-0.98390657,-0.22056126
0.56368126,-0.78747840
-0.14128162,1.01748359
-0.90731185,-0.30862630
-0.87040284,-0.40429705
0.30595000,1.04460188
0.98259181,-0.23198841
0.79461796,0.49052201
-1.10443930,0.32311983
-1.16822745,-0.12719643
0.88700981,-0.11357222
0.19701405,-0.95174239
-0.53539887,0.86233018
0.00091693,1.04644918
-0.91130869,-0.19420117
-1.09318118,0.02473210
0.92999181,-0.59178645
0.76825494,0.75413584
0.80040598,-0.53970086
-0.85532846,-0.06713236
-0.38490170,0.94819810
0.55776746,0.75969150
0.25295646,1.01923015
-0.45443625,0.82815291
0.70593870,-0.62705741
-0.49201142,-1.03701401
-1.09135304,-0.29940041
-0.79577629,0.43913989
0.56006885,0.88496438
0.28974774,0.88657949
0.85229104,0.61047171
-0.90305969,0.06915141
-1.01981704,-0.03178504
0.56988275,0.74276586
0.76797049,0.65754101
0.04413181,0.89711942
-0.98675221,-0.38888624
-0.13440674,-0.97336420
-0.99409421,-0.30048208
-0.55864593,0.83616395
-0.78702611,0.72189521
0.26738547,-1.01080169
-0.97629074,-0.10724975
-0.34262205,-0.93037216
0.35431602,0.89382363
-0.28450573,0.94000970
-0.19877854,1.11401346
0.20022333,0.91563675
1.04494883,-0.12621039
-0.50211327,0.96609366
0.60220680,-0.89130540
0.83435381,0.62185816
0.81930556,0.48592702
0.67471036,-0.67553026
0.80452196,-0.51404338
-0.16749617,-1.05400687
-0.66999694,-0.73423621
0.37922001,0.88804840
-0.71843248,-0.74536961
0.21721576,1.07551608
-0.74629418,-0.51297820
0.04280715,-1.02627310
0.62027898,0.81121163
-0.65103713,-0.67312126
-0.09463523,-1.00668813
-0.43879412,0.86600580
-0.33802398,0.85102992
-0.86281933,-0.32761538
-0.44958319,-0.92984137
0.94416197,-0.05496751
-0.48241093,-0.86210059
-0.00318505,0.95252237
0.13052487,-1.04258875
0.82348756,-0.02417184
0.59877021,0.80716343
-0.83931991,-0.51724004
0.63174918,-0.79141749
0.75461770,0.59420066
-0.44303891,0.93032931
0.75584245,0.67993426
0.26014875,0.92790258
-0.11017069,0.99960651
0.44224823,-0.93569598
-0.18336998,-0.96193423
-1.02129915,-0.25490375
-0.44736191,-0.97389224
0.18346219,-1.08172752
-0.51123776,-0.78461671
-0.28068357,0.90718635
0.66198628,0.92379422
0.93400801,-0.15149094
0.52759495,0.68974758
0.96143997,-0.10041583
-0.40612941,0.94643523
1.04166522,0.14972395
-0.68311108,0.72359637
0.38919958,0.93926743
-0.18754510,-0.95799160
0.65522768,-0.81788694
-0.90303919,-0.06414089
-0.39415391,0.92491080
0.25406066,-0.95008003
-0.15161593,0.97189324
-0.91721903,0.57000777
0.74722093,-0.51507685
0.80056031,-0.68468739
1.06964446,-0.04301393
-0.15130041,-0.90730038
-0.20443988,0.97497576
0.99068098,-0.11626833
-0.74331978,0.45715028
-0.29240575,-0.97266191
-0.19299061,-0.95271024
-0.08087894,0.94718902
-0.55808925,0.72180174
-0.79417170,0.71469814
-0.20988851,-1.03925347
1.05740202,-0.26159782
-1.07156185,0.15174423
0.98122730,0.11788306
-1.05244896,-0.13981579
0.88147211,0.26352179
-0.50901653,-0.79415766
0.80747566,-0.57668376
-0.89396366,-0.46411216
-0.81970658,-0.43884696
0.53412864,-0.81815727
-0.94878471,-0.50952968
0.38626715,0.82296665
0.95898916,-0.47385378
0.27926455,0.95439599
0.08035556,-1.06108031
0.76256099,0.70412842
-0.84895127,-0.49373351
0.41430686,0.91928619
-1.06372037,0.07221409
-1.05822797,0.12239181
-0.08400652,-1.05675155
0.32667579,0.89744145
0.32646575,-0.91520999
-0.51678582,0.89499319
0.57067029,-0.94729139
0.16990829,-1.06649214
0.98730009,0.33784619
0.98160605,-0.37378440
0.40991263,-0.80609095
-0.77323975,0.66202666
-0.70083664,0.41424913
0.59199698,-0.76273387
0.46238958,0.88192197
0.91289492,0.20777987
0.10754544,-0.83488441
0.91628158,-0.19327931
0.15579106,1.03782761
0.78399356,0.68128852
0.37434418,-0.96635610
0.85170652,0.47086077
0.87992898,0.63510893
-0.20842603,0.98171542
0.30461963,-0.89785151
-0.73082695,-0.60187665
0.69482717,-0.87419054
-0.87444925,-0.44823384
0.06738614,0.91820269
-0.64587852,-0.65987317
-0.87345888,0.14927277
0.68880666,0.63263142
0.81260101,-0.71240414
0.63038785,-0.79538842
-0.61345309,-0.84224139
-0.98106785,-0.39614599
-0.72602914,0.65850907
-0.96464420,0.15764940
0.67231308,0.78278017
0.84635316,-0.70840723
0.29953736,-0.95461132
-0.11975039,0.89406694
-0.35398204,-0.87034977
0.97819271,0.36631268
-0.93787914,0.34381964
-0.11384390,-0.92697214
0.62986411,-0.74849574
0.40302978,-0.93344125
-0.79227535,0.55364333
0.66682743,-0.69212372
-0.60741133,0.72917050
-0.73211041,0.52455145
0.92210000,0.29815125
0.49259543,0.91076537
-1.01876803,-0.13389099
-0.93811646,-0.21927763
0.49875345,-0.74332206
0.11486116,-0.97105933
0.41457963,0.95652536
1.02620425,-0.13951833
0.89051440,0.37677310
-0.89338093,0.24139044
-0.97460464,-0.32447989
-1.00462829,-0.23855732
0.79539719,0.75405207
0.36735744,1.03156092
0.92911123,0.37072814
0.88740622,0.44060982
-0.67994337,-0.60924013
-0.55509628,0.85838107
-0.05870987,0.96068618
0.98309150,0.20153604
0.98904825,-0.13019947
0.50777097,-0.93303399
0.08501296,0.93771678
0.94871127,0.35599272
1.07999527,0.12379269
0.33430505,1.05538850
-0.80781622,0.42286579
0.18568110,-0.96597056
-0.93906047,-0.45583409
0.10282965,-1.00579696
0.84633203,0.49227717
-0.70004175,0.72895724
-0.92846181,-0.24273636
1.04494893,-0.02802362
0.34224343,-0.99464171
0.87369586,-0.26790448
-0.63883932,-0.88046240
-0.89731178,-0.29762358
-0.26056530,-0.94448397
-0.39932007,-0.88753007
0.63199966,0.84924487
-0.92760550,-0.31480722
-0.92249631,0.39397852
0.52696193,0.72881692
-0.98446548,-0.24555027
1.00256262,-0.35250390
0.20225627,0.96222221
-0.81650398,-0.42460101
-0.25672819,-0.95260283
-1.09369806,0.11741665
-0.30342527,-1.00365959
-0.55074915,-0.92118419
-0.40933288,-0.85917542
-0.21666298,0.98515831
0.35741726,-0.90005079
-0.49145980,0.86003830
0.75463269,-0.61532244
0.97407268,0.08010550
-0.27255466,-1.03614690
0.50734905,-0.78145550
1.05312182,-0.19847923
-0.62602888,0.79973670
0.55301263,-0.78585519
-0.14599522,-1.04204589
-0.01707750,-1.03273368
0.96943453,-0.47619933
-0.84576609,-0.73845413
-0.91184405,-0.57424024
0.54056195,-0.81812836
0.01993524,-0.96524958
0.82826460,0.30014783
1.01905554,-0.07735632
0.91170804,-0.33426747
0.64257583,0.91097773
0.86868508,-0.39713708
-0.91343066,0.34132070
-0.24063745,0.91138486
0.94327326,-0.19007569
-0.20303918,-0.94150783
-0.62767385,-0.65308284
-0.95291270,0.47406598
0.84147551,-0.61162229
-0.58514729,-0.87109656
-1.03374012,0.13651200
-0.84726453,-0.57596352
0.94676675,0.44857496
-0.66231568,0.72640230
0.12213968,-1.07707542
0.96874094,0.33214147
-0.54791316,-0.90038293
0.38709470,0.81416529
-0.44011875,-0.88632287
0.98279239,-0.21744194
-0.88687135,0.48896721
0.70030857,-0.69798217
0.94607054,-0.46941689
0.61511199,0.86936755
0.48279961,0.78192265
0.93533901,0.41279010
0.73038287,-0.73068710
0.21971380,1.12616295
-0.98508885,-0.16967859
-0.15536456,0.95845216
0.94244148,-0.24380323
1.03888679,0.20612034
0.47614532,-0.68214274
-1.01688663,0.16678766
0.09798754,-1.05534078
-0.97329290,-0.09977563
-0.12328381,1.06096186
0.30408118,-0.88862099
0.09438830,0.90836312
0.82213225,0.37099095
-0.19269359,0.95676810
-0.68535410,0.73097482
0.92148230,0.34838232
-0.67029066,0.56746143
1.00510872,0.06645225
1.01057952,-0.25116177
-0.36123423,0.93932028
-1.05648607,0.23230881
0.29261433,-0.88386266
0.59631372,-0.79389142
0.95010189,0.32482621
-0.65728408,0.73621802
0.75874342,-0.62202925
0.18213079,-0.97256137
0.75097316,-0.46899158
0.92582702,0.19349580
0.82609259,0.68123153
0.64814642,-0.69539460
0.37000322,-0.86824562
-0.54291949,0.87084319
1.02098271,0.09836249
-0.53861305,0.97660356
-0.78624570,-0.57869171
0.29126368,0.91995219
-0.09211571,0.95625862
-0.98820477,-0.14530235
0.93352546,0.35490877
-0.61296962,-0.78669680
0.63899001,-0.68522813
0.30099405,-1.00249444
0.30143090,-0.86623882
-0.66982414,0.69430389
0.91029687,-0.29699925
0.93889619,-0.08127453
-0.54783913,0.88962817
-0.90550371,0.41600210
-0.93422083,-0.04842995
-0.69352595,-0.76415848
-0.74821585,0.76192228
0.72308723,-0.69041664
0.90044609,-0.12804411
-0.31351481,0.84136532
1.02425283,-0.12180077
0.97267109,-0.19915213
-0.98285942,0.16417479
-0.98597403,-0.24319163
0.72070135,-0.71616091
-0.87907144,-0.30647841
0.62202222,-0.84126308
0.76422855,-0.59578032
0.85026428,0.17682745
0.90243106,-0.26252481
0.03165423,1.07620750
0.80799865,0.62118011
-0.66941461,-0.70381689
0.72868501,0.62614585
-0.63671788,0.75730865
-0.28102893,-0.89991183
-0.81460171,0.36619696
-0.34012775,0.82606603
0.22315451,1.09695081
0.21943048,-0.97419096
-0.90857919,0.42674434
-0.97409785,-0.24947887
0.80000622,0.63655356
0.37304382,0.97398346
0.74936031,0.65189198
0.65608974,-0.70605405
0.06900884,-0.96247857
0.48757304,-0.85972123
1.09619468,-0.04456621
-0.03904560,-1.11209243
0.42224324,-0.97307413
0.64365398,-0.87587466
0.18398478,-0.94913853
0.87684388,-0.34963911
0.62814329,-0.59056110
-0.88798356,0.56176645
0.98728358,-0.02485981
0.80636625,-0.47771559
-1.03244089,0.00502708
-0.05498150,-0.98469397
0.66504709,-0.74264463
0.82820456,-0.63105487
-0.84268120,0.67102610
0.63328464,0.79619741
-0.45607764,-0.86799592
-0.84973364,-0.68728433
-0.85758016,-0.32388284
-0.42692388,-0.90689466
-0.89875479,-0.55069271
-0.89195206,-0.64272163
-0.49375861,-0.71412047
0.66715047,-0.73578047
0.98302503,0.18398774
0.91886900,0.38559921
-0.17118146,1.02063477
-0.49780144,0.90125720
0.46790746,0.71848567
-0.43736250,0.91268258
-0.70162671,0.60595601
-0.70996268,-0.72875419
-0.91834683,0.28794472
-0.31687146,-0.92786727
-0.17242939,0.93347239
-0.09548982,1.02934388
0.66313454,0.68647637
-0.56441440,0.95911207
0.94614702,-0.07483040
-0.42799292,0.92368936
-0.15157244,-1.09426206
-0.96000868,0.19021502
0.14752739,-0.97853261
-0.15485350,1.01308299
-0.89654717,0.51542806
1.05477248,0.01753182
-0.71016375,-0.71681153
0.71283858,0.73723232
-0.98831069,0.24737922
0.77526716,0.62675049
-0.11114525,-0.86615233
0.19133143,-1.02650939
0.80141129,-0.64866962
0.39692155,-1.07279323
1.01333947,0.06279995
0.09215650,-0.97170466
-0.20937398,0.93503247
-0.05949581,0.94523980
0.34833323,0.96922109
-0.52162568,0.82210225
-0.04466861,1.03024510
0.80188789,0.48232184
-0.49609651,-0.81627509
-0.48018135,-0.81334471
0.09032095,-0.98619562
-0.67425223,0.61032255
-0.73403182,0.70775603
0.55077184,-0.83138285
1.06568248,-0.46975928
0.70899724,0.66283158
0.02709989,-1.03972183
0.54929309,-0.76456388
-0.97881533,-0.18334899
-0.04566084,-0.97720210
0.12208575,-1.00920113
0.99888397,-0.27650850
0.64457712,-0.67987411
0.57075505,-0.68670750
-0.29569307,-0.93337781
-0.55615626,0.80463977
0.78303624,0.65870498
-1.00760309,0.30176416
0.11971942,0.95545507
-0.20929114,0.95432046
-0.23102743,0.93081052
1.01137173,-0.02015442
-0.57964455,0.84559369
0.14557508,-0.98055986
-0.98719395,0.37172902
-0.19669808,-1.00290590
-0.29128898,-0.95100714
-0.13062452,-1.07646951
1.00493935,0.27102640
-0.99155310,0.01726708
0.31418316,-0.93149616
-0.31999317,-0.97491398
-0.13547501,-0.92591822
1.01436169,-0.08627815
0.84792343,0.47077134
-0.90668650,0.09875167
-0.83584118,0.57157826
0.40517294,1.07639621
0.24809513,0.99573355
0.55904194,0.87089213
-0.31361313,0.87032326
1.03226724,0.19386387
-0.25806954,-0.85136048
0.87683889,-0.36280596
-0.99502429,0.21027361
0.28394237,1.04790559
-0.72770446,0.62159683
-0.54358087,0.85327033
-0.19277577,0.93191465
0.65916083,-0.53297169
0.85703855,-0.60288060
1.08375570,-0.32784637
-0.00274356,1.04548228
0.37009563,-0.85315053
-0.43003326,-0.87790244
1.00982340,-0.16114424
0.19311553,0.89656351
0.16464871,1.00858484
-0.54944073,0.80886486
0.99087311,0.20344361
0.53189299,-0.76627418
-0.60969348,-0.79137883
-0.03653496,1.00992190
-0.97957912,-0.10735058
-0.56059212,0.94366681
-0.79780981,-0.58156083
-0.68922616,-0.78060721
-0.09681435,1.10283734
-1.04615263,-0.33604637
-0.91516690,0.37214735
-0.99979884,-0.18488949
0.26925070,0.94506993
0.08904052,1.01773535
0.11481132,-0.92877626
0.17877144,-1.08407965
-0.40286482,0.95888926
-0.03081867,0.98384402
0.74433627,0.73175079
-0.21663995,-0.93879427
0.22120345,-0.96702172
-0.95236861,0.11960467
-0.63785713,0.71098298
0.79145024,0.72077667
-0.51811026,0.97960285
-1.03250043,-0.36158520
0.81330956,-0.65165089
0.97427374,-0.24425227
-1.04383707,-0.27559457
-0.97531164,0.02361228
-0.96875983,0.19579242
0.96747749,0.25358765
-0.71664262,0.84681205
-1.03083965,0.18412641
0.27848341,0.85979912
-0.77748393,0.67624118
-0.47387160,0.97329750
1.03293610,0.12897902
0.97024735,-0.07525175
-1.00619728,-0.20108175
-0.89866223,-0.49489463
-1.07023959,-0.05254452
0.88971181,-0.55263564
-0.73156196,-0.64309844
-0.80552523,0.67066131
-0.16267481,0.88065767
0.26509842,0.83428107
-0.74854461,-0.72004389
0.76788426,-0.53795388
0.54401584,-0.94467756
0.89006585,0.45695401
0.97340015,-0.24633516
-0.59775645,-0.92433086
-0.21443150,1.05944076
-0.76420316,0.66783761
-0.61718320,-0.81369057
-0.27380684,-0.89696241
0.34070992,0.87230019
0.18425694,0.89514028
-0.34376522,-1.00839789
0.11088415,0.97594162
-0.71815734,0.79832295
-0.73131495,0.52067428
0.39048623,-0.84161195
-1.00873195,-0.09972531
-1.04330850,-0.18615988
-0.36163388,0.86854987
-0.80530108,-0.55761556
-0.36617930,-0.85864301
-1.04665292,0.40735395
-1.00910356,-0.08992729
-0.92392657,0.43703290
0.20596380,0.91788931
0.96895714,-0.21327685
-0.05271113,-0.94767905
0.58892071,-0.94398277
-0.82013583,-0.53358427
-0.20448373,0.84090798
0.89233917,0.11732333
0.84093423,-0.25128885
0.89796705,-0.15202485
0.14207242,0.87709204
-0.84559089,-0.63313125
0.39097162,0.88456882
-0.85972753,0.35657106
-1.10590575,0.03829191
-0.93275050,-0.27077564
-0.48345193,0.97794836
0.77348399,0.60949838
0.52299989,-0.88941253
1.01758860,-0.19818310
-0.42045406,-0.98754242
-1.01055589,0.04221472
0.07929851,1.07750251
0.06050524,-0.93748865
-1.15485965,-0.10676796
-0.79490704,-0.63971011
0.84384045,0.55086465
-0.96842066,0.17420723
-0.30054936,-0.97249599
-0.25201282,-1.00394564
0.67982744,0.76235049
0.13509156,0.90020891
-1.12331062,-0.17201797
-0.07217310,-0.96168887
-0.74922744,-0.47482255
0.92404121,-0.05672085
-1.01539883,-0.11681745
0.94998085,-0.10602454
0.18267753,0.98019700
-0.35029963,-1.01094047
0.51535824,0.91309638
0.31748162,0.94738724
0.85558199,-0.42569948
0.67259318,-0.69053241
0.97926887,0.30845570
0.27766754,0.90693154
0.41980505,0.87702900
0.86866861,0.53823457
0.88414099,-0.42899860
-0.78047584,-0.69012177
-0.38758032,0.86210694
-0.77714591,-0.57162509
0.94905179,-0.17928553
0.05656595,-1.02162577
0.12239261,-0.97534399
1.02071803,0.28005193
-0.73831854,-0.83122943
-0.66876062,0.76119838
0.81178052,0.65612354
-0.15671480,-0.97314406
-0.11170459,1.08003727
-0.20909840,0.91435076
-0.81394752,0.62553993
0.71371450,0.74651365
0.84808869,-0.40927245
1.06522383,0.18432951
-0.33400682,-0.96385865
-0.27634750,-0.98058431
-0.36767437,-0.91196989
-0.42596781,-0.79236222
-1.03450864,0.00181819
-0.49516287,0.88029914
0.71562976,-0.67608625
-0.99403203,-0.05211862
0.17452699,1.00050100
-0.96735529,0.23668128
-0.98059587,0.27140393
0.78867558,0.75409753
-0.75733007,-0.57111080
0.92063122,-0.37485733
-0.25006484,-0.96378396
-0.44234895,-0.94358427
0.75239894,0.69572094
-0.15556244,-1.02570080
0.55374575,-0.75637235
-0.53558413,-0.78616713
-1.08050046,-0.07309613
-0.52919321,-0.86823611
0.22528440,1.06603944
0.66416660,0.74669572
0.74332592,0.53608008
0.90241924,0.42148326
0.68642755,-0.75861706
0.65552127,-0.76245669
-0.85888535,0.35911325
-0.51377526,0.75209286
-0.41883030,1.02557958
0.42756411,0.87672182
-0.57915873,-0.78476637
-0.64899236,0.79860547
0.95751806,0.47522095
-0.25963325,0.75629034
-0.07126030,-0.90744871
-0.13849321,0.91124414
0.09654660,-1.00098558
-0.21512479,0.95677515
-0.88312428,-0.17243296
-1.04799267,0.13293270
-0.50383454,0.95686138
0.62692486,-0.75933370
0.64736898,-0.64810657
-0.89669931,-0.43167927
0.63187249,0.70920932
-0.91535225,0.44001802
1.02257407,0.07259964
-0.97777955,-0.29443930
-0.61252276,0.81841114
0.92916012,-0.41642515
-0.49868994,0.88353320
0.97466329,0.20456724
0.15403582,-0.84857316
0.81323693,-0.53283750
-0.98042072,-0.11902536
-0.34625450,-1.02077172
0.87803933,-0.42133527
-0.80796028,-0.55311694
0.09170106,1.03218603
-0.67492959,-0.65392413
0.75871233,-0.75317889
0.84858186,0.44191751
-0.96809522,-0.33010878
-0.31155308,-0.99037755
0.91478178,0.51146693
-0.89847215,-0.46512441
0.70101052,0.67343946
0.83340949,0.42890387
0.55652842,-0.81065338
0.56151985,-1.00585291
1.00596591,0.31826232
-0.91784138,0.18787303
0.89668071,0.14044720
-0.99381526,0.28850707
0.21004982,0.88291225
-0.50661055,0.79447491
-1.02424581,0.33606709
0.64881749,-0.84453512
-0.77832230,0.66750667
0.66296723,-0.85598940
-0.57247398,0.64890372
-0.34445389,0.94634089
-0.69503054,-0.67104835
1.06168767,0.08905034
0.65346311,0.72152122
0.87053320,0.58744074
-0.72933262,-0.76388278
-0.78633396,-0.74145341
0.38612929,1.04636640
-0.80711587,0.74622533
-0.90271709,0.47732964
0.09408671,0.90910453
-0.93438395,0.43443660
0.15344185,-1.03735683
0.13912402,0.99826760
-0.71705226,-0.40723788
0.92488025,-0.23759307
0.48567624,-0.89872844
-0.49202401,0.91398933
-1.02787335,0.08283548
0.73709270,0.67207384
0.51941399,-0.84673499
-0.97053481,0.33417426
1.07922457,-0.07835546
0.92436152,-0.48257948
-0.07567202,0.89624942
0.34428346,-0.92727268
-0.72190421,-0.72162594
-0.52800938,0.90294455
0.03009516,0.99735710
0.93486753,0.02747838
0.98306342,0.04534370
-0.54686371,-0.84200589
-0.91173336,0.35711452
-0.68104195,0.68572179
0.21404871,0.99404147
0.50804673,-0.79747025
0.14594849,0.88554140
-0.88573550,-0.28984258
0.27475073,0.91117063
-0.50125759,0.90354447
0.08549950,-0.91915556
0.73576687,-0.80367828
0.25683082,0.95187902
0.34853565,0.84426963
-0.53249661,-0.90495079
0.56823494,-0.92362970
0.80894468,0.76142883
-0.29674401,-1.00394700
1.02172362,0.29232139
0.60713021,0.76253779
0.98949755,-0.20557352
0.94183053,0.38395905
-0.81589863,0.47513345
-0.41681043,0.92185982
-0.73971940,-0.49468209
-0.95592683,-0.21098209
-0.66719589,-0.70753261
-0.92194226,-0.47418864
0.16116557,1.00853020
-0.91731742,0.47726458
0.66057843,0.81476700
0.68141663,0.63171494
0.98695266,0.54195381
0.96680496,-0.13241236
0.01810393,-1.03124429
0.45513248,0.93280885
-1.03173624,0.10961799
0.97130587,0.00426271
-0.50844426,-0.86482764
-0.22367792,0.87778594
0.69041724,-0.73005108
-0.59099647,-0.96857792
0.90195127,-0.52513141
0.75437002,-0.65092518
-0.94840173,-0.28385621
0.76376007,0.66323560
-0.95418610,0.29154637
0.76090482,0.74862851
0.89030812,0.51161000
-0.13661774,-0.92076123
0.85257538,-0.12295432
1.10269033,-0.08232757
0.65308945,-0.87208718
-0.50032190,-0.85254415
0.68761432,-0.74796744
0.40271839,-0.90079104
0.38217415,-0.89220570
-0.25419516,-1.14404762
