0.45273542,0.55344624,0.52676986,0.36192895,0.34333014,0.28068753,0.31651320,0.20808433,0.20891582,-0.06556145,0.13865890,-0.06358522,-0.06932161,-0.19962493,-0.27950218,-0.26669354,-0.28514920,-0.40635763,-0.43217456,-0.38493737,-0.51883693,-0.56912838,-0.40452799,-0.46758238,-0.53556267,-0.40600435,-0.32915203,-0.33114887,-0.29345121,-0.10535859,0.03182179,0.01066994,0.03841644,0.19496646,0.28391712,0.25953868,0.37739300,0.45961656,0.39307955,0.36829406,0.47465354,0.46951909,0.52983401,0.32090028,0.34243255,0.29063114,0.17280741,0.26810276,0.24055619,0.07487111,0.17729272,0.06308657,-0.02152235,-0.10692108
0.64655833,0.45821281,0.59801132,0.57108043,0.34585498,0.47074544,0.37100615,0.39519606,0.23414476,0.20087003,0.16086788,-0.00586681,0.04424061,-0.07699192,-0.08967092,-0.22538459,-0.14410939,-0.22163431,-0.31408891,-0.26913193,-0.22832450,-0.18457890,-0.44190788,-0.22318180,-0.22462518,-0.22828416,-0.25217266,-0.01501282,-0.15488837,0.05717079,0.18429605,0.02145173,0.19380746,0.17953438,0.36616735,0.52479430,0.61580882,0.35404213,0.48374491,0.60976367,0.69329607,0.60351705,0.50234159,0.56754203,0.51413682,0.46149001,0.37287567,0.40907354,0.34306699,0.24664035,0.16881068,0.01464406,0.00949824,0.07756309
0.67010309,0.56483840,0.77089535,0.68052250,0.77116240,0.56322699,0.46937207,0.33210565,0.49041978,0.52313320,0.18300795,0.12771009,0.15929096,-0.01977952,-0.03547122,-0.09638162,-0.10040582,-0.06722201,-0.18283852,-0.13093271,-0.24745304,-0.18640607,-0.37183684,-0.29458521,-0.08291460,-0.15274426,-0.01000329,0.04304261,0.16707596,0.19200686,0.27674890,0.25573454,0.27738906,0.34099000,0.42284249,0.42850095,0.52537183,0.60412874,0.66511277,0.64161178,0.52829461,0.67928054,0.69530440,0.74577253,0.67693845,0.54154739,0.48897422,0.65418354,0.49421064,0.51583725,0.47214426,0.16723368,0.19445682,0.13294346
0.83583294,0.82908258,0.78602051,0.75774782,0.58803166,0.65071013,0.55218948,0.56372043,0.45282523,0.47277016,0.41992502,0.30988871,0.24260553,0.15980007,0.05606584,0.02416151,-0.04969800,-0.01805230,-0.07775863,-0.05222600,-0.21443758,-0.03589143,-0.15607827,-0.13161573,-0.05666690,-0.04488686,0.07260975,0.05943810,0.08145166,0.16511013,0.40606448,0.37392513,0.34556567,0.50590111,0.44312651,0.76776882,0.55292529,0.75555070,0.79419008,0.65843864,0.81192758,0.87055316,0.82039897,0.78561201,0.81235329,0.71162083,0.67950658,0.58891503,0.58994028,0.39972755,0.47084598,0.29797247,0.18209922,0.23122623
1.01841052,0.95457477,0.82051427,0.89157237,0.76380504,0.74593078,0.71107145,0.46016610,0.59746822,0.43282988,0.39051718,0.25915220,0.18789753,0.16881330,0.24984757,0.26251503,0.07984739,0.13016211,-0.00809605,-0.15977702,-0.00424228,0.02064823,-0.03744179,0.04321490,0.09684315,0.02302141,0.02308312,0.17958106,0.24203513,0.29647140,0.47199566,0.60034168,0.49754644,0.65305197,0.73478682,0.77356612,0.85059255,0.77802108,0.90179465,1.02830793,0.94410881,0.83309801,0.92352006,0.95763124,0.85785457,0.74558652,0.86794912,0.59098070,0.67157993,0.56565435,0.40392177,0.52786267,0.38909261,0.20057257
1.00549587,0.91749600,0.78392670,0.85499871,0.89560941,0.88109210,0.79153789,0.72354028,0.69412177,0.57270405,0.61484897,0.46337829,0.40711944,0.36192189,0.17360980,0.14687710,0.27853365,0.14402706,0.06479665,0.09488302,0.01961814,0.08166520,0.01796138,0.11550199,-0.00079403,0.27295113,0.17457675,0.14516563,0.31539617,0.36938829,0.47959132,0.44505806,0.63705898,0.96140998,0.63160244,0.81791438,0.81631967,0.89895278,0.77204894,0.84865215,0.99097186,0.95399959,1.08010564,0.87464055,0.91667915,1.09809182,0.75764128,0.69303892,0.70287905,0.63776691,0.64133194,0.51505630,0.37510598,0.38521368
1.22229128,1.10761187,0.76742219,0.95259570,0.85836399,0.93386280,0.81827755,0.92838868,0.78486735,0.71466031,0.58946422,0.50210908,0.46466604,0.47612629,0.35478043,0.22937058,0.31210003,0.18641713,0.13504266,0.05810013,0.06671448,0.06234209,-0.09831157,0.22861412,0.22458632,0.20318183,0.35313801,0.36054988,0.41687484,0.25493284,0.50260411,0.63309917,0.78788261,0.87259409,0.90180885,0.75181430,0.71920940,0.98302762,0.97304887,1.07158310,0.99797428,1.02849937,0.88313340,1.02071105,0.92097325,0.94688686,0.90948461,0.80981376,0.78487948,0.69408929,0.68838045,0.59867560,0.44571375,0.37511374
1.18183132,1.02887102,1.10046902,1.02655660,0.91437092,0.85529258,0.87287737,0.82543406,0.79064628,0.57320208,0.55809256,0.52887228,0.59664029,0.21481831,0.37828686,0.24538620,0.27573213,0.16281867,0.20154464,0.27771000,0.17145826,0.17902651,0.18603431,0.11837003,0.25383823,0.23478444,0.23565090,0.35355571,0.40009505,0.54432099,0.54894693,0.57929736,0.80671407,0.83557020,0.92044883,0.92448514,0.91737588,0.93499127,0.97962109,1.10152277,1.04812598,0.92342020,1.03113459,0.90271062,1.00096308,0.85371115,0.80274593,0.85980657,0.78440693,0.59336560,0.71863107,0.76271258,0.40210969,0.59886255
0.99446043,1.00462277,1.01396478,0.88661492,1.07058145,0.96177734,0.81030234,0.78988689,0.62733979,0.65388750,0.68771563,0.40638975,0.44083247,0.42252729,0.43416843,0.40368767,0.21179306,0.15010379,0.21556388,0.13062993,0.12547235,0.23792057,0.29853607,0.20681587,0.20217097,0.30430448,0.15673809,0.36233098,0.34058334,0.68234819,0.61714142,0.64011367,0.68183854,0.56245406,0.88304620,1.01337263,0.87499756,1.03034246,1.06692310,0.90900867,1.12118430,1.15758150,1.05969098,1.01809576,1.05788225,0.83390776,0.91847463,0.94181893,0.69842061,0.81286359,0.63246616,0.43035005,0.51931127,0.38267420
1.05790890,0.93326328,1.09518238,0.92601522,0.97804443,0.85772800,0.82747080,0.89027841,0.74875537,0.63299010,0.49558249,0.61929359,0.51724114,0.36754566,0.35265872,0.19625958,0.15007026,0.12611788,0.19069064,0.16624254,0.07353422,0.19341240,0.20901708,0.18226367,0.28350379,0.21849908,0.28158221,0.38450415,0.40559051,0.53759045,0.44219653,0.72574984,0.61777054,0.73335926,0.69870297,0.91392545,1.01809582,1.04423840,1.05867419,0.89117197,0.96663618,0.99507852,0.94951838,1.09585049,0.99248846,0.93809440,0.93289959,0.76422660,0.70803193,0.64582549,0.68861876,0.60702847,0.55690305,0.52958113
0.88309463,0.94150558,0.98227392,0.83653277,0.86627238,0.94567928,0.90082532,0.84038473,0.69428508,0.60694583,0.64137567,0.45599637,0.44498593,0.45900139,0.26309874,0.18909216,0.18981872,0.19939380,0.16031975,0.11435406,0.13698263,-0.03426690,0.03681088,0.14079967,0.08545035,0.09346468,0.15330888,0.23253291,0.35334661,0.35157902,0.52051245,0.70669713,0.62777272,0.80782157,0.79129149,0.73563235,0.85498551,0.83931844,1.01274959,0.88280637,1.09432601,1.03764916,0.82182288,1.02809275,1.06128160,0.83612130,0.93202747,0.65579615,0.76018308,0.54274187,0.64671093,0.39597430,0.25933661,0.43430850
1.11209355,0.87607524,0.97426779,0.89067278,0.82034969,0.85117138,0.88138990,0.59282161,0.67333909,0.58889774,0.37844971,0.55236860,0.51125918,0.21414099,0.36892012,0.17981171,0.11489222,0.20918305,0.07730533,0.06512318,0.15126669,0.13414226,0.11438779,-0.04691873,-0.02866428,0.22827361,0.11318058,0.25524838,0.21908251,0.35607784,0.33680861,0.63879680,0.49545350,0.63346979,0.69054467,0.85908972,0.69929014,0.85258153,0.87195969,0.95483171,0.96366521,0.89167808,0.94015824,0.87275862,0.91187318,0.82854046,0.73814544,0.73484580,0.70649694,0.79430730,0.50620477,0.50092764,0.52439284,0.17375123
0.70761077,0.74662752,0.81670708,0.99500549,0.79553088,0.81657812,0.65022577,0.41252541,0.36112773,0.56076790,0.42517759,0.23730325,0.36268759,0.08523780,0.23861891,0.20941875,-0.01524232,-0.08175077,0.04464832,-0.13036252,0.01679507,-0.14654298,0.02553357,-0.00937393,-0.01950387,-0.01548101,0.12431558,0.00994830,0.20092260,0.25707188,0.41136447,0.32606870,0.63203301,0.53629432,0.53253868,0.79147966,0.86390789,0.75821859,0.73540407,0.83171337,0.78866238,0.82180658,0.96365717,0.85207265,0.80404692,0.78241930,0.70393524,0.72236725,0.66572890,0.50145081,0.47190185,0.58747507,0.35906929,0.24312791
0.91294808,0.74439378,0.63998076,0.75569272,0.59415434,0.58207320,0.59601386,0.50140086,0.38705877,0.33712075,0.26483765,0.33639701,0.11754083,0.06449558,0.21286679,-0.04907076,0.06701587,0.01407608,-0.13319906,-0.25437183,-0.11399581,-0.09519096,-0.05972944,-0.10921284,0.01340191,0.06932137,-0.07712205,0.17763912,0.13888203,0.14542360,0.23352437,0.47849901,0.47559926,0.32001602,0.53218759,0.57132427,0.61874533,0.63410684,0.59210468,0.80127958,0.67063905,0.71908488,0.69271090,0.66441357,0.75379326,0.68735917,0.55656840,0.48137587,0.45975144,0.51030899,0.37548740,0.31495206,0.20100717,0.13928466
0.65611287,0.48598181,0.74654620,0.52853140,0.51049192,0.61874740,0.47751916,0.40472554,0.29128879,0.14612036,0.21692000,0.22853964,-0.00693493,0.10911013,-0.15055629,-0.17367387,-0.12184958,-0.20136065,-0.17589126,-0.31034294,-0.34296124,-0.40855335,-0.34363407,-0.31123636,-0.30730330,-0.12741379,-0.15606567,-0.20596691,0.21341389,0.01371147,0.04839047,0.31729293,0.37992820,0.26084906,0.29740908,0.39232356,0.61296781,0.54007503,0.53372961,0.61989488,0.73196618,0.52734077,0.60001422,0.50177806,0.75792340,0.69193943,0.57641093,0.43610524,0.43985136,0.15460261,0.27734447,0.07922878,0.01109507,-0.00664635
0.49294656,0.56156788,0.55581038,0.49473123,0.36258467,0.44792111,0.33222324,0.37795169,0.14675842,-0.06786957,0.04616216,0.18719434,-0.01526900,-0.13328206,-0.10751949,-0.19252385,-0.24323907,-0.36027498,-0.34289408,-0.35273400,-0.42965872,-0.46651221,-0.35404082,-0.26549720,-0.25918718,-0.23039795,-0.18043513,0.04199144,-0.08229950,0.04603734,0.18757375,0.10452946,0.19003043,0.31865458,0.43251522,0.37955186,0.43382490,0.45441759,0.38415203,0.59375263,0.49760550,0.38317913,0.50136195,0.35646825,0.38594981,0.43033512,0.30913844,0.41497771,0.15216461,0.22646885,0.18254630,0.18569426,0.07364917,-0.04879739
0.40735973,0.39092973,0.47085605,0.30119549,0.35985263,0.26641396,0.24123283,0.14264442,0.27106079,-0.01924827,-0.01529448,-0.08265377,-0.12394710,-0.20149352,-0.26402570,-0.27399665,-0.52030567,-0.43815065,-0.56742034,-0.46995975,-0.59259241,-0.57353727,-0.48972039,-0.35096360,-0.38447084,-0.36586847,-0.22818666,-0.36000769,-0.39011008,-0.19087980,-0.11088909,0.07942937,0.22037380,0.00912610,0.37607662,0.36005044,0.35226755,0.35699701,0.55509279,0.39119114,0.36031911,0.41221956,0.28376829,0.41281131,0.33796235,0.33551828,0.29173326,0.12467057,0.25502344,0.00418650,0.08889580,-0.17872758,-0.09057644,-0.25323693
0.28616058,0.22531030,0.08689518,0.14635303,0.20544701,0.20559086,-0.01379879,-0.12463729,-0.08780195,-0.10187759,-0.20450939,-0.28782928,-0.22288868,-0.27861331,-0.35701780,-0.54596490,-0.51219423,-0.57283280,-0.70133372,-0.53638019,-0.60935969,-0.65395784,-0.48991069,-0.52001954,-0.48064407,-0.41206753,-0.40151000,-0.50411361,-0.37236505,-0.19524587,-0.26868778,-0.13494929,-0.03751742,0.11224117,0.16318472,0.18814684,0.15162809,0.28208809,0.28458300,0.25311799,0.38813379,0.32194470,0.21409737,0.35760087,0.20757137,0.23778246,0.02216502,0.08900196,-0.04482241,-0.11132673,-0.25391339,0.00127210,-0.25125648,-0.28756620
0.25919304,0.15545987,0.19039632,0.01453755,0.10337486,0.01024884,0.03145197,-0.05249150,-0.24123820,-0.34548860,-0.34743773,-0.27648433,-0.36934541,-0.43606177,-0.69035477,-0.79855110,-0.68069951,-0.69648754,-0.74797071,-0.69119762,-0.74270170,-0.82268344,-0.78637665,-0.68237388,-0.65603003,-0.62675162,-0.39030490,-0.53668139,-0.44443766,-0.46798947,-0.34872678,-0.20880985,-0.13682233,-0.12854645,-0.02200903,0.00777981,-0.09688239,-0.16605779,0.31424348,0.21956232,0.16201409,0.03038606,0.05960453,0.25185327,-0.10797891,0.05145170,0.10072744,-0.01083982,-0.02157103,-0.15681194,-0.02236923,-0.36519336,-0.46097694,-0.39738137
0.18355868,0.05938732,0.13190480,-0.02052124,-0.10846203,0.05406414,0.01562437,-0.04558798,-0.26670301,-0.39099981,-0.46102261,-0.45464923,-0.45796464,-0.52877366,-0.74473452,-0.66893630,-0.73049963,-0.76375279,-0.80265522,-0.83675465,-0.78255544,-0.81863671,-0.79890144,-0.85000535,-0.73108097,-0.73137999,-0.84176489,-0.57781164,-0.57600599,-0.41499483,-0.43373383,-0.35914667,-0.26596845,-0.21758933,-0.19002390,-0.24072428,0.10042687,-0.13092415,0.00150654,0.10481859,0.09643508,0.11428914,0.12265640,0.14392879,0.03833649,0.20940814,-0.15035212,-0.10462947,-0.21134415,-0.29044444,-0.29138560,-0.26681589,-0.50933693,-0.57674188
0.04204479,0.02227165,0.11949841,0.01906960,-0.08037932,-0.16938589,-0.17775820,-0.26736220,-0.42595663,-0.38303100,-0.46658909,-0.54038822,-0.62401091,-0.51940839,-0.65938732,-0.69470765,-0.86563830,-0.93787927,-0.90849668,-0.88618184,-0.94275031,-0.92895026,-0.82512729,-0.85591350,-0.92657094,-0.84103432,-0.81026174,-0.68713192,-0.73334856,-0.58850372,-0.45046113,-0.43429590,-0.44112031,-0.35106048,-0.22942798,-0.14372826,-0.06512912,-0.10134471,-0.16165824,0.08146039,0.00475808,0.01628686,0.00045600,-0.12524680,-0.09609709,-0.08764914,-0.07177547,-0.20311178,-0.51717834,-0.35124810,-0.37126104,-0.36507056,-0.48072149,-0.40575526
0.03178651,0.02031867,-0.02794571,-0.24000218,-0.09722914,-0.16132388,-0.30330742,-0.27265972,-0.34955062,-0.48713791,-0.52869718,-0.60909511,-0.63747444,-0.75482653,-0.73774211,-0.98931025,-0.90582541,-1.05709111,-0.99074450,-0.93059921,-0.97964159,-0.98898940,-0.96278402,-0.82053792,-1.00259646,-0.80202228,-0.94491285,-0.80524883,-0.69312718,-0.70858491,-0.55570804,-0.44454498,-0.52975616,-0.37418367,-0.33574792,-0.40385205,-0.21330723,-0.21979601,-0.01539802,-0.16883059,0.05063839,-0.12512119,0.06481964,-0.06534302,-0.10049156,-0.11001925,-0.14844767,-0.16190957,-0.19521236,-0.42592366,-0.56573071,-0.74856876,-0.63485359,-0.61039866
-0.09659683,-0.12298450,-0.17608936,-0.22531170,-0.23239207,-0.22286947,-0.44709931,-0.30598259,-0.54437753,-0.50730131,-0.61429228,-0.66229886,-0.78443844,-0.85802314,-0.84471002,-0.96765077,-0.73155462,-1.00070352,-1.04974704,-1.06109509,-1.11229641,-1.22186563,-1.03399377,-0.96650868,-1.07966033,-0.91786655,-0.96595936,-0.81599507,-0.72276665,-0.64691319,-0.58261537,-0.60449598,-0.40917769,-0.44917856,-0.32297207,-0.23760867,-0.26803718,-0.30410463,-0.11882250,-0.23354638,-0.20199621,-0.21605132,-0.06822580,-0.16696075,-0.36210734,-0.16110534,-0.10038576,-0.17559832,-0.42470318,-0.43744841,-0.47047381,-0.50882318,-0.64656904,-0.80427019
-0.08863892,-0.10514485,-0.27669327,-0.22567367,-0.21037781,-0.27642420,-0.28620443,-0.32288469,-0.40660876,-0.52608649,-0.69371881,-0.60575376,-0.61080481,-0.62980647,-0.85101350,-0.90578656,-0.83458736,-0.87425131,-0.99192378,-0.98201256,-1.10937665,-1.00051731,-1.10150363,-1.02484792,-0.99109224,-0.97770117,-1.06001820,-0.90113211,-0.74673580,-0.71250430,-0.67080164,-0.53573267,-0.44634846,-0.36738220,-0.43743216,-0.31418125,-0.29237863,-0.29357063,-0.30960673,-0.17401252,-0.22252881,0.02244925,-0.16550918,-0.19384331,-0.23600306,-0.09182269,-0.36337319,-0.35444594,-0.46279534,-0.47555415,-0.53597841,-0.51431081,-0.78456760,-0.74028778
-0.01738282,-0.19281738,-0.18210722,-0.26490624,-0.43899830,-0.28219514,-0.23171692,-0.42156152,-0.59526779,-0.49316981,-0.57705227,-0.57254652,-0.64762190,-0.80702633,-0.81389692,-1.04440451,-0.85871884,-0.97199512,-0.92984631,-0.95148937,-1.06891487,-1.05664999,-1.10282575,-1.17596302,-0.98921073,-0.92530600,-0.97532632,-0.77546571,-0.76289406,-0.66871779,-0.69824661,-0.70855814,-0.43657980,-0.38367018,-0.37896385,-0.34686654,-0.28505950,-0.23148609,-0.22778732,-0.32421929,-0.08713460,-0.26658266,-0.18141308,-0.19757970,-0.18044518,-0.36807889,-0.18856423,-0.28618154,-0.33664938,-0.36116938,-0.59389747,-0.84991367,-0.64144949,-0.63035112
-0.02626735,-0.16736788,-0.14766198,-0.14345859,-0.34646374,-0.29947354,-0.34892037,-0.22965035,-0.47180571,-0.36091122,-0.55433588,-0.75870599,-0.51498971,-0.83504785,-0.76823138,-0.73569120,-0.96231784,-1.05699709,-0.90507382,-1.00295569,-1.11579211,-1.10286965,-1.03569526,-0.90521135,-0.97329588,-0.85691427,-0.72792293,-0.70253449,-0.62744361,-0.57813297,-0.73703613,-0.44123983,-0.44420844,-0.41418068,-0.42862948,-0.41197690,-0.32346423,-0.19391841,-0.25276678,-0.20033850,-0.17089101,-0.06535729,-0.15008121,-0.15640061,-0.06693584,-0.23641075,-0.20892783,-0.39499163,-0.34373225,-0.42486031,-0.48792747,-0.60837322,-0.72255616,-0.73141580
-0.10586361,0.00891078,-0.01700675,-0.21184186,-0.10107214,-0.23392594,-0.21077696,-0.34438080,-0.48700212,-0.35489975,-0.46890705,-0.67235129,-0.79349054,-0.74986322,-0.86214746,-0.85128120,-0.81991382,-0.79105412,-0.96692148,-0.84803070,-0.87448782,-1.00115696,-1.08791407,-0.86407554,-0.85152852,-0.67091204,-0.69562788,-0.69136982,-0.55722197,-0.71033700,-0.54262389,-0.51066940,-0.28078642,-0.30867361,-0.53624021,-0.12478575,-0.25663015,-0.07945237,-0.14642117,-0.06471275,-0.01991465,-0.05227842,-0.15185672,0.01819938,-0.09023063,-0.16096716,-0.14924420,-0.30206538,-0.16796689,-0.36517068,-0.42141214,-0.49196458,-0.66177146,-0.75002312
0.02134110,0.02685039,0.09048889,-0.00711162,-0.16592675,-0.08095705,-0.10880382,-0.15311019,-0.27006393,-0.46142821,-0.33967871,-0.56035218,-0.52377758,-0.76047009,-0.63392986,-0.81247896,-0.71045561,-0.69497617,-0.77234585,-0.97921604,-0.97074534,-0.96365612,-0.82916142,-0.83235038,-0.81533468,-0.76222093,-0.69147017,-0.62970617,-0.48502540,-0.55895602,-0.46989239,-0.56542012,-0.45431343,-0.33767168,-0.31478240,-0.14527757,-0.02941382,-0.10525406,-0.07586847,-0.05429114,0.01052372,-0.04071803,0.02917436,0.00080134,-0.02407929,-0.02823281,-0.13305443,-0.17765592,-0.10809784,-0.31692358,-0.31700054,-0.44568112,-0.55575717,-0.62307227
0.02596715,0.08717369,0.02200693,0.01042877,0.10623529,-0.04629678,0.00364992,-0.12469719,-0.14039866,-0.32518015,-0.33343783,-0.20359659,-0.41615731,-0.46705378,-0.58917012,-0.59383323,-0.80280771,-0.81699264,-0.74443522,-0.73300650,-0.84087104,-0.82187228,-0.82400295,-0.78794232,-0.83700450,-0.81459358,-0.65743379,-0.73391634,-0.61160741,-0.52044283,-0.48359534,-0.31111287,-0.29735942,-0.20197321,-0.21404801,-0.13569042,0.01485166,0.04519442,0.01230034,0.10227529,0.10156791,0.10210882,0.20907684,0.03109942,0.06834748,0.03077275,-0.06788800,-0.19595375,-0.10722065,-0.20597511,-0.29056812,-0.36187001,-0.43116153,-0.57182401
0.21560560,0.04256085,0.16873131,0.02497440,0.08082022,0.12182221,-0.00818096,-0.08426726,-0.06830025,-0.19795422,-0.27800745,-0.34611328,-0.26164688,-0.39446669,-0.46967991,-0.65798925,-0.56068273,-0.75276338,-0.64084022,-0.78836282,-0.55238517,-0.84210396,-0.59786462,-0.60937801,-0.78351275,-0.61972956,-0.43583040,-0.40446791,-0.56639588,-0.40958948,-0.39356720,-0.31239666,-0.21323672,0.05165323,-0.02263053,0.00561471,0.04716399,0.16957134,0.20499814,0.09991941,0.30427367,0.10314512,0.15979700,0.19972675,0.27221367,0.06999653,0.07439466,0.10216425,-0.01182667,-0.03588245,-0.11053034,-0.24190486,-0.28128083,-0.32576306
0.30164045,0.42637992,0.12378113,0.18297229,0.33653042,0.21090581,0.07329473,0.09669630,0.08998207,-0.10858755,-0.07132914,-0.21172487,-0.27889999,-0.34030450,-0.30631979,-0.53935544,-0.52655017,-0.48319729,-0.66349555,-0.71227822,-0.54971802,-0.59387029,-0.59390997,-0.54855931,-0.60570628,-0.25387767,-0.51646734,-0.41651515,-0.43377219,-0.28755464,-0.06386210,-0.11516427,-0.00051107,-0.02050333,0.22558218,0.15065108,0.08795818,0.29178618,0.23406926,0.33593274,0.31197488,0.32479244,0.30685346,0.20522606,0.12918305,0.28973259,0.15466742,0.13481061,0.01519134,-0.17391642,-0.18175488,-0.03709489,-0.28059721,-0.31574476
0.30612972,0.37594592,0.37245967,0.35847482,0.33469731,0.24576232,0.19836538,0.18482383,0.14831974,0.04417185,0.12603663,-0.06616225,-0.13760267,-0.26794143,-0.19379644,-0.41243695,-0.50738940,-0.49502946,-0.39730561,-0.55824712,-0.37261944,-0.47672597,-0.58436620,-0.45922892,-0.26624144,-0.43667640,-0.42353206,-0.22172123,-0.09658336,-0.05402435,-0.09328698,0.01727644,0.09684934,0.23103103,0.37137049,0.24785775,0.41069953,0.32160688,0.42969338,0.33165652,0.35865610,0.45586756,0.34312420,0.46756465,0.32424616,0.33681699,0.27778057,0.20425058,0.18174271,0.19324804,0.28779317,-0.12467995,-0.07476621,-0.18016405
0.47033540,0.56097138,0.45189618,0.48990011,0.55974531,0.25460226,0.38414680,0.34170818,0.16597602,0.21753546,0.13486041,0.00961487,0.06661112,-0.19988666,-0.10432490,-0.22902674,-0.34222050,-0.31096039,-0.35449460,-0.28089047,-0.47543015,-0.37015433,-0.37918700,-0.19472259,-0.37800914,-0.16283276,-0.33893262,-0.11490136,-0.09172482,0.01508958,-0.00309599,-0.03371802,0.06725393,0.36204332,0.33639741,0.30713666,0.49846831,0.40917657,0.44305996,0.42881535,0.63345579,0.69907562,0.45711619,0.53904772,0.56575467,0.61903400,0.21174776,0.36127305,0.34189460,0.10748172,0.19089978,0.10489547,0.07788961,-0.09396515
0.69152452,0.60432264,0.68532028,0.62344149,0.54502696,0.41762299,0.61074622,0.50925266,0.42750669,0.23701722,0.19324875,0.28568640,0.14375602,-0.04887224,-0.03746919,-0.08440297,-0.15903578,-0.25755025,-0.11143096,-0.18445995,-0.25674456,-0.36553016,-0.27445947,-0.20587433,-0.10401584,-0.16190362,0.00555692,-0.01576388,-0.02484049,-0.12287088,0.07498768,0.11903175,0.29481206,0.39987243,0.54691813,0.49176876,0.45045272,0.77374366,0.64396784,0.62176308,0.63537116,0.55111967,0.70242369,0.66324330,0.73219913,0.65565791,0.59087669,0.56859833,0.38560083,0.30855685,0.27262111,0.10787260,0.12714212,0.04496187
0.82169294,0.76176132,0.59445872,0.72360658,0.79895245,0.49460462,0.52881575,0.53262669,0.36182678,0.35711167,0.33670916,0.15754108,0.21882152,0.16314908,-0.03146003,0.01766558,0.05460133,-0.08482268,-0.06562479,-0.06879077,-0.14838402,-0.04967666,-0.08557439,-0.17339252,-0.02023736,0.04830981,0.09272807,0.03295792,0.18297338,0.32185786,0.29892716,0.44459569,0.52256390,0.48194115,0.60015282,0.58113952,0.74018401,0.68990267,0.68667996,0.75241516,0.76217615,0.80147623,0.80039612,0.65177291,0.66458103,0.70786696,0.67146532,0.58637292,0.73064265,0.54521484,0.38218936,0.37757254,0.35740474,0.21236998
0.72729362,0.86950532,0.85002533,0.99066536,0.63754983,0.86410042,0.67607251,0.70480893,0.54363766,0.51420107,0.52190988,0.36901210,0.37880992,0.22313243,0.13641292,0.09719195,0.02715354,0.01879675,0.10765319,-0.11470591,-0.16329236,-0.03063410,0.11753389,0.08875925,0.14290612,0.17825674,0.06908323,0.19302220,0.03238026,0.26231559,0.42805637,0.32424509,0.35258342,0.47985205,0.66374807,0.79677716,0.96073742,0.91075883,0.70860891,0.66810618,0.87935299,0.95514419,0.73329525,0.80284274,0.78052050,0.78174208,0.71865847,0.72099024,0.70481503,0.56175091,0.54866426,0.57913126,0.26900465,0.19973080
0.99120273,1.09345775,0.94289135,0.99106704,0.84351660,0.89729250,0.72207130,0.76794946,0.68235630,0.61550794,0.62535327,0.53161344,0.33057976,0.38454401,0.11749698,0.27817826,0.37185422,0.15547973,0.12407008,0.06887481,0.12116818,0.01996198,0.12181220,0.06879398,0.08877884,0.17389063,0.20845872,0.13058984,0.49733309,0.40828146,0.32983422,0.62104423,0.60118289,0.68611674,0.78871973,0.71756231,0.60396283,0.87385199,0.93466895,1.01926202,0.89196110,0.93404950,0.97954929,0.90403615,0.88108128,0.88375170,0.73751991,0.89038315,0.63020038,0.64250030,0.54569706,0.44628921,0.47667177,0.44737935
1.12964586,1.05437792,0.95605135,1.03486141,0.81466184,0.88980608,0.87568071,0.82058259,0.61978308,0.52503817,0.70876910,0.46558274,0.30671387,0.27425653,0.31387708,0.35249662,0.21036730,0.26744403,0.15957894,0.15924174,0.19070822,0.08298185,0.14848867,0.11584078,0.12779552,0.27221243,0.20303870,0.33107932,0.32291192,0.44471351,0.47785750,0.67673285,0.66397877,0.72990167,0.91778491,0.61107270,0.80332247,0.71543601,0.96728402,1.02644495,1.05615143,1.02882073,0.92963033,1.12120704,0.97691087,0.89381067,0.77867981,0.84832639,0.71559419,0.65440791,0.63929454,0.57094107,0.41868000,0.51717334
0.96094708,0.94633609,1.04434847,1.00377660,0.96350424,0.88060553,0.86490032,0.75802679,0.60771083,0.73143756,0.52261122,0.51610861,0.52498300,0.40343863,0.56037659,0.17442981,0.17911108,0.20694514,0.27856131,0.13025848,0.02615618,0.23333558,0.07993475,0.15994562,0.27828357,0.19521165,0.26170945,0.39287190,0.39914545,0.50408567,0.47372411,0.60915147,0.59986111,0.62881161,0.95619555,0.90903841,0.99626080,0.88783188,0.99638235,1.00594925,0.92216314,1.08239577,0.97312538,0.99638314,0.86292005,1.02603670,0.96117379,0.87828309,0.71448813,0.67975914,0.75308502,0.56408450,0.53852999,0.46108855
0.96082957,1.16692123,0.87039682,1.02098440,0.96047370,0.79376225,0.89781041,0.85449514,0.75361202,0.61631820,0.64964814,0.63362268,0.49425862,0.54953469,0.41988482,0.35815563,0.36046743,0.15729355,0.13871658,0.20182834,0.19272396,0.27315997,0.25593653,0.20055962,0.23607431,0.23768441,0.27975098,0.32893692,0.49912039,0.45497845,0.53267765,0.64317491,0.65811395,0.74720161,0.65338578,0.91506224,0.91116550,0.99350009,1.04128141,0.88737009,1.24183519,1.06583039,1.06030080,0.88569229,1.05071752,0.99698550,0.88979306,0.88558471,0.90944774,0.71637259,0.60392538,0.71416339,0.56030517,0.45789187
1.23261591,1.05615752,1.01375329,1.02294713,0.93395191,0.93888302,0.88168734,0.75880273,0.72700567,0.70549447,0.64228192,0.58894422,0.53713714,0.42919299,0.39002883,0.26353653,0.22592155,0.29032210,0.01925295,0.18683795,0.40046877,0.00041070,0.28008232,0.04133964,0.24240188,0.38393018,0.42162817,0.28575143,0.31553059,0.36992438,0.61026092,0.59061416,0.69064956,0.77688143,0.85117687,0.91798617,0.93515418,0.83902024,1.11724704,0.80471477,1.13665204,0.99232751,1.01687938,0.97253981,0.95637006,0.94645214,0.87957361,0.76053099,0.85660539,0.67786647,0.76411658,0.57530703,0.46200881,0.48605919
1.07457548,0.92427510,0.95961436,1.07042925,0.84078361,0.80837210,0.83775732,0.66887820,0.50549017,0.50227967,0.59675321,0.54998150,0.47710175,0.39601830,0.20566277,0.30392568,0.29453573,0.10752037,0.20894946,0.08436261,0.11954892,0.13499682,-0.00140723,0.25692708,0.10323461,0.20468551,0.22241957,0.35463878,0.41419721,0.44710771,0.62686783,0.60565931,0.61970431,0.48753368,0.75775345,0.81408891,0.81791235,0.86112563,1.01088213,1.07076082,1.15221376,1.09490631,0.93911946,0.99796561,0.84008968,0.96994164,0.89394701,0.76294096,0.74370527,0.66775315,0.56933453,0.65681980,0.73053134,0.48068683
1.02959434,0.95245016,0.89579844,1.07337718,0.83290307,0.84957427,0.75642053,0.75485542,0.64025556,0.62471289,0.40703630,0.43107612,0.48090337,0.22364686,0.19245375,0.30092637,0.17625756,0.19035383,-0.10396734,0.06681676,-0.05631846,-0.06439084,0.09170345,0.17572386,-0.00683180,0.06530942,0.15630078,0.24894394,0.21412977,0.56746228,0.50181363,0.49509292,0.55090718,0.84502920,0.90067438,0.73877409,0.85607797,0.97156420,0.80890310,0.88048922,1.04939989,0.88814636,0.90131287,0.80949430,0.82820578,0.90657419,0.73916034,0.64673410,0.64137391,0.76976616,0.57400588,0.44551329,0.43378703,0.38966096
0.87400268,0.71354091,0.86691337,0.79959101,0.84894276,0.62792611,0.76908839,0.58640701,0.42539636,0.60287558,0.38532149,0.38763834,0.27659140,0.31261064,0.25304997,0.19925446,0.11956973,-0.10716505,-0.14241480,-0.01069583,-0.11311847,0.00244873,-0.00991435,-0.11511034,-0.05272939,-0.01956889,0.04941261,0.16030759,0.29355746,0.41237958,0.29440078,0.39651024,0.63594863,0.64897415,0.65804194,0.50672144,0.66512213,0.80158144,0.77458863,1.00662902,0.86672140,0.88515488,0.76571967,0.75191202,0.75407201,0.71965337,0.70516334,0.70071010,0.63002846,0.62742049,0.36968484,0.42685515,0.36016464,0.40176099
0.74934409,0.78799702,0.67981489,0.75393034,0.71627278,0.58908012,0.55242718,0.52695792,0.51302766,0.30628422,0.40182713,0.23425454,0.34677460,0.24638591,0.03512144,-0.03740711,0.16463420,-0.02220520,-0.05702288,-0.15699419,-0.14266940,-0.06580348,-0.06927473,-0.16380919,0.03566305,0.00112012,-0.05156662,0.16185527,0.12885584,0.27212535,0.23237279,0.37570692,0.28377704,0.51144616,0.42080603,0.61386526,0.44604427,0.68813027,0.78516487,0.78968688,0.86062609,0.68012951,0.88573527,0.87050376,0.61548650,0.61053850,0.58247440,0.57321270,0.53041663,0.25171778,0.43142660,0.29378333,0.16309024,0.25466555
0.63081700,0.74505875,0.68045895,0.58553356,0.67042732,0.59654358,0.43873662,0.29102872,0.31360943,0.34057155,0.20267290,0.29500961,0.10583602,0.03554381,-0.00809032,-0.16646003,-0.15246317,-0.23499034,-0.40087570,-0.37475624,-0.18120645,-0.27529339,-0.23749008,-0.32466347,-0.22091460,-0.06922225,-0.07545915,-0.06907115,0.15783607,0.09531914,0.14028014,0.33011975,0.16644834,0.41709723,0.34510537,0.42843566,0.48712244,0.59506520,0.62676011,0.66631337,0.67212808,0.77123378,0.78671187,0.68932288,0.66487959,0.53591126,0.43136709,0.51417535,0.40973165,0.41164903,0.12785419,0.42181062,0.03436209,0.07236110
0.62168268,0.42490594,0.47599251,0.33173008,0.34367281,0.25848974,0.37116475,0.32812947,0.21545553,0.27595858,0.21716868,0.03548087,-0.04961884,-0.11886817,-0.19372970,-0.10647758,-0.23996672,-0.32490576,-0.34625719,-0.30376760,-0.38928177,-0.33058500,-0.34694863,-0.21265702,-0.19639279,-0.36293798,-0.21252812,-0.08619827,-0.11806711,0.04919948,0.07927899,0.16930745,0.18506537,0.28091370,0.36098588,0.25733015,0.35230255,0.38644109,0.63746262,0.55005094,0.56914931,0.55599002,0.49250973,0.45599072,0.55605448,0.41997392,0.53108990,0.36615062,0.29813293,0.20876016,0.15293185,0.09254682,0.14323650,0.14135857
0.32913847,0.43719952,0.45777281,0.30214810,0.28830234,0.25815664,0.04948637,0.23695671,0.11755721,0.04687939,-0.00792433,-0.06365889,0.03439440,-0.20192004,-0.20990181,-0.37325415,-0.35049103,-0.44309810,-0.45962206,-0.53999707,-0.54239283,-0.43895552,-0.40379747,-0.40449161,-0.46337416,-0.34296711,-0.52277899,-0.18739325,-0.20449464,-0.11388054,0.02624222,-0.03177867,0.14769580,0.10175018,0.24316575,0.22384140,0.33125676,0.46575093,0.33054867,0.35755990,0.39384559,0.44717167,0.63593451,0.35068435,0.20504610,0.27877308,0.15807065,0.18675057,0.17341980,0.03079289,-0.01443435,-0.17876277,-0.08334514,-0.22523612
0.39166180,0.38353560,0.21366475,0.22771296,0.22620186,0.23842350,-0.00844220,0.06165497,0.15352383,-0.06995378,-0.11388261,-0.20071561,-0.36425147,-0.25728735,-0.37238118,-0.43534737,-0.43748822,-0.47163118,-0.71651248,-0.54566138,-0.64046557,-0.57959878,-0.63778508,-0.62773622,-0.44982430,-0.48572244,-0.45852013,-0.40282851,-0.31153912,-0.25348306,-0.37353273,-0.18429472,-0.06464479,0.08049305,0.19234628,0.06536905,0.34601549,0.24079664,0.30604025,0.24789953,0.25578506,0.42248028,0.28212725,0.27330469,0.34622261,0.35392719,0.04955383,0.10121241,0.05590078,0.13797031,0.12281168,-0.14791260,-0.18286098,-0.21059516
0.28808487,0.16498679,0.24354378,0.09283212,-0.10110904,-0.04142673,0.03463865,0.02195576,-0.28525622,-0.31574988,-0.24216496,-0.57964207,-0.33167709,-0.35835110,-0.74059492,-0.49439783,-0.61857563,-0.52830555,-0.64907658,-0.71050010,-0.69097157,-0.62389588,-0.67197281,-0.66165921,-0.74851133,-0.55287113,-0.53988799,-0.33866401,-0.42547580,-0.36553988,-0.34039124,-0.16278366,-0.16851056,-0.14233549,0.10513016,0.17653603,0.04767294,0.04427643,0.25045152,0.11673538,0.42383666,0.18929061,0.26973598,0.07011146,0.14316965,0.19612346,0.09754663,-0.03439711,0.14612233,-0.05584629,-0.20106657,-0.30032684,-0.34247560,-0.27957799
0.03613433,0.09543354,0.01105409,0.15173690,0.00228571,0.04038996,-0.03525233,-0.18584985,-0.14628489,-0.19397670,-0.43059475,-0.35104719,-0.18930706,-0.56426778,-0.54943444,-0.76278496,-0.66574745,-0.78915358,-0.70983328,-0.79552824,-0.89560464,-0.71101575,-0.80515559,-0.84734225,-0.72822761,-0.77036613,-0.61148961,-0.59242190,-0.55553167,-0.40614319,-0.49458594,-0.24390525,-0.41542349,-0.05778233,-0.11039055,-0.08935296,-0.07717177,0.06876978,0.04515486,0.06741290,0.17859480,0.06306559,0.07126960,0.10678060,0.13044361,-0.00602479,-0.02715595,-0.08986451,-0.09320763,-0.09713539,-0.36066359,-0.36503554,-0.42710197,-0.44293313
0.13166066,0.00361122,0.00631455,0.05460255,-0.17319413,-0.17912173,-0.20526414,-0.22777985,-0.27200477,-0.39957365,-0.28461307,-0.55292897,-0.58003553,-0.54064346,-0.62654563,-0.74486861,-0.76066707,-0.76390716,-0.86107316,-0.82737016,-0.96373321,-0.88251759,-1.00960160,-0.92675751,-0.91509846,-0.68014725,-0.77005236,-0.65232635,-0.68995972,-0.56573175,-0.50369916,-0.48130006,-0.27373331,-0.41214060,-0.16408050,0.05784093,-0.17452362,-0.06316879,-0.15897414,-0.01103591,-0.13663680,0.05802014,-0.04104227,-0.16963090,-0.15333638,-0.21508996,-0.15563616,-0.11682461,-0.27849745,-0.40660160,-0.44660358,-0.43842446,-0.71551323,-0.53723623
-0.03297852,-0.27159444,0.00864721,-0.24730368,-0.16741496,-0.09829296,-0.38001826,-0.45581468,-0.46003956,-0.52423683,-0.51618724,-0.61711395,-0.68278953,-0.74665363,-0.78274448,-0.89230154,-0.84314539,-0.90919826,-1.02186372,-0.80967910,-1.07183580,-0.90665615,-1.01571116,-0.90307646,-0.85777031,-0.78892970,-0.69390251,-0.82254428,-0.45850274,-0.59293727,-0.62390299,-0.59896908,-0.22770440,-0.21844375,-0.29168519,-0.17088047,-0.07512274,-0.13209770,-0.14122533,-0.08563410,-0.00062814,-0.06450116,-0.17454075,-0.03051765,-0.26166166,-0.21951723,-0.10301668,-0.23836750,-0.29836768,-0.37312452,-0.36496441,-0.52264601,-0.74707000,-0.63487651
-0.36529879,-0.28766774,-0.00631725,-0.07686505,-0.23547013,-0.24796700,-0.28679755,-0.27021758,-0.47883549,-0.55465116,-0.60288967,-0.60942095,-0.66704706,-0.78584287,-0.75190388,-0.95231976,-0.92229077,-1.01171593,-1.06722413,-0.90435107,-1.04027039,-1.09524726,-0.99778002,-1.06084261,-0.89808296,-0.83626718,-0.77273464,-0.88718782,-0.75091982,-0.52228152,-0.62233549,-0.43201678,-0.34202832,-0.51353669,-0.23909601,-0.21955223,-0.15912189,-0.05020712,-0.11733851,-0.12478373,-0.06774703,-0.14304912,-0.08208419,-0.30549510,-0.02776263,-0.25034260,-0.20887032,-0.28109190,-0.35775674,-0.42152654,-0.49291423,-0.70137785,-0.68107519,-0.60608879
